time,temperature_2m (Â°C),relative_humidity_2m (%),precipitation_probability (%),rain (mm),cloud_cover (%)
2024-12-07T00:00,27.3,69,13,0,100
2024-12-07T01:00,25.7,76,10,0,100
2024-12-07T02:00,25.3,78,7,0,57
2024-12-07T03:00,24.8,80,5,0,90
2024-12-07T04:00,24.3,82,3,0,100
2024-12-07T05:00,23.8,83,1,0,100
2024-12-07T06:00,23.5,85,0,0,100
2024-12-07T07:00,24.1,84,0,0,100
2024-12-07T08:00,26.2,76,7,0,100
2024-12-07T09:00,28,69,16,0,100
2024-12-07T10:00,29.6,63,23,0,100
2024-12-07T11:00,31.2,57,24,0,60
2024-12-07T12:00,32.4,54,22,0,34
2024-12-07T13:00,32.6,53,19,0,85
2024-12-07T14:00,32.9,52,13,0,65
2024-12-07T15:00,31.3,59,7,0,100
2024-12-07T16:00,30.1,65,6,0,100
2024-12-07T17:00,29.1,69,18,0,100
2024-12-07T18:00,28.1,70,35,0,91
2024-12-07T19:00,27.3,73,48,0,73
2024-12-07T20:00,27.1,74,52,0,100
2024-12-07T21:00,26.7,76,50,0,100
2024-12-07T22:00,26.4,78,45,0,100
2024-12-07T23:00,26.3,78,33,0,100
2024-12-08T00:00,26,79,18,0,34
2024-12-08T01:00,25.5,79,6,0,98
2024-12-08T02:00,25,80,1,0,92
2024-12-08T03:00,24.5,81,0,0,100
2024-12-08T04:00,24.1,82,0,0,75
2024-12-08T05:00,23.8,82,0,0,11
2024-12-08T06:00,23.6,82,0,0,100
2024-12-08T07:00,24.4,77,0,0,16
2024-12-08T08:00,26.4,66,0,0,11
2024-12-08T09:00,28.1,59,0,0,57
2024-12-08T10:00,29.5,55,0,0,79
2024-12-08T11:00,30.6,52,0,0,100
2024-12-08T12:00,31.6,49,0,0,100
2024-12-08T13:00,32.2,48,0,0,100
2024-12-08T14:00,32.8,46,0,0,100
2024-12-08T15:00,33.1,45,0,0,100
2024-12-08T16:00,32.6,47,0,0,100
2024-12-08T17:00,30.5,52,0,0,100
2024-12-08T18:00,29.4,52,0,0,69
2024-12-08T19:00,28.9,52,0,0,100
2024-12-08T20:00,28.5,53,0,0,100
2024-12-08T21:00,28,54,0,0,100
2024-12-08T22:00,27.3,57,0,0,98
2024-12-08T23:00,26.6,59,0,0,21
2024-12-09T00:00,26.2,60,0,0,91
2024-12-09T01:00,25.5,62,0,0,100
2024-12-09T02:00,25.2,63,0,0,100
2024-12-09T03:00,24.9,64,0,0,100
2024-12-09T04:00,24.5,65,0,0,100
2024-12-09T05:00,24.1,68,0,0,100
2024-12-09T06:00,23.8,70,0,0,100
2024-12-09T07:00,23.8,73,0,0,99
2024-12-09T08:00,25.4,68,0,0,80
2024-12-09T09:00,27.2,63,0,0,43
2024-12-09T10:00,28.2,60,0,0,100
2024-12-09T11:00,28.1,61,0,0,100
2024-12-09T12:00,29.4,57,0,0,100
2024-12-09T13:00,30.7,53,0,0,100
2024-12-09T14:00,31.5,50,0,0,100
2024-12-09T15:00,31.6,49,0,0,100
2024-12-09T16:00,30.7,54,0,0,100
2024-12-09T17:00,29.4,59,0,0,100
2024-12-09T18:00,28.3,60,0,0,100
2024-12-09T19:00,26.8,65,0,0,100
2024-12-09T20:00,25.8,66,0,0,100
2024-12-09T21:00,25.6,67,0,0,100
2024-12-09T22:00,25.5,70,0,0,100
2024-12-09T23:00,25.4,69,0,0,100
2024-12-10T00:00,24.8,71,0,0,100
2024-12-10T01:00,24.5,71,0,0,100
2024-12-10T02:00,24.7,69,0,0,100
2024-12-10T03:00,24.2,70,0,0,100
2024-12-10T04:00,23.8,71,0,0,100
2024-12-10T05:00,24.1,70,0,0,100
2024-12-10T06:00,23.7,71,0,0,100
2024-12-10T07:00,23.7,73,0,0,100
2024-12-10T08:00,24.5,73,0,0,100
2024-12-10T09:00,25.7,70,0,0,100
2024-12-10T10:00,27.5,63,0,0,100
2024-12-10T11:00,29,58,0,0,100
2024-12-10T12:00,29.8,55,0,0,100
2024-12-10T13:00,30,54,0,0,100
2024-12-10T14:00,30.4,53,0,0,100
2024-12-10T15:00,30.3,54,0,0,100
2024-12-10T16:00,29.9,56,0,0,100
2024-12-10T17:00,28.8,61,0,0,100
2024-12-10T18:00,27.3,64,0,0,100
2024-12-10T19:00,26.4,67,0,0,100
2024-12-10T20:00,25.6,69,0,0,100
2024-12-10T21:00,25.2,69,0,0,100
2024-12-10T22:00,24.9,70,0,0,100
2024-12-10T23:00,24.8,71,6,0,100
2024-12-11T00:00,24.7,71,16,0,100
2024-12-11T01:00,24.5,76,23,0.1,100
2024-12-11T02:00,23.8,80,26,0,100
2024-12-11T03:00,23.9,79,28,0,100
2024-12-11T04:00,23.9,80,32,0.1,100
2024-12-11T05:00,23.3,83,45,0.3,100
2024-12-11T06:00,23.1,85,62,0.2,100
2024-12-11T07:00,23.3,84,68,0.1,100
2024-12-11T08:00,23.6,83,56,0,100
2024-12-11T09:00,25.1,78,33,0,100
2024-12-11T10:00,25.8,75,16,0,100
2024-12-11T11:00,27,69,9,0,100
2024-12-11T12:00,29.1,59,7,0,100
2024-12-11T13:00,27.7,67,6,0,100
2024-12-11T14:00,27.1,70,5,0,100
2024-12-11T15:00,26.8,73,5,0,100
2024-12-11T16:00,26,76,6,0,100
2024-12-11T17:00,25.4,80,10,0,100
2024-12-11T18:00,25.2,80,14,0,100
2024-12-11T19:00,24.4,84,16,0,100
2024-12-11T20:00,24.8,82,12,0,100
2024-12-11T21:00,24.2,85,5,0,100
2024-12-11T22:00,24,86,0,0,100
2024-12-11T23:00,23.7,87,0,0,100
2024-12-12T00:00,23.8,86,0,0,100
2024-12-12T01:00,24,84,0,0,100
2024-12-12T02:00,24.2,81,15,0,100
2024-12-12T03:00,24.2,80,35,0,100
2024-12-12T04:00,23.9,82,48,0,100
2024-12-12T05:00,23.6,84,47,0,100
2024-12-12T06:00,23.7,83,38,0,100
2024-12-12T07:00,24.2,82,29,0,100
2024-12-12T08:00,25.3,78,18,0,100
2024-12-12T09:00,27.1,72,6,0,100
2024-12-12T10:00,28.8,66,3,0,100
2024-12-12T11:00,30.3,62,14,0,100
2024-12-12T12:00,31.4,59,33,0,41
2024-12-12T13:00,31.6,57,52,0,77
2024-12-12T14:00,31.4,58,69,0,100
2024-12-12T15:00,30.5,63,86,0,100
2024-12-12T16:00,28.5,71,97,0,100
2024-12-12T17:00,27.8,72,100,0,100
2024-12-12T18:00,27.1,76,98,0,100
2024-12-12T19:00,26.9,79,90,0,100
2024-12-12T20:00,27,79,72,0,100
2024-12-12T21:00,26.1,82,48,0,100
2024-12-12T22:00,25.4,85,29,0,100
2024-12-12T23:00,24.9,86,19,0,100
2024-12-13T00:00,24.7,86,14,0,100
2024-12-13T01:00,24.5,86,16,0,100
2024-12-13T02:00,24.3,87,29,0,100
2024-12-13T03:00,24,88,50,0,100
2024-12-13T04:00,23.9,89,65,0,100
2024-12-13T05:00,23.4,92,71,0,99
2024-12-13T06:00,23.7,90,73,0,100
2024-12-13T07:00,24.3,88,71,0,100
2024-12-13T08:00,25,84,64,0,100
2024-12-13T09:00,26.1,78,52,0,100
2024-12-13T10:00,26.6,75,42,0,97
2024-12-13T11:00,28.4,67,32,0,92
2024-12-13T12:00,27.1,72,24,0,100
2024-12-13T13:00,26.6,74,23,0,100
2024-12-13T14:00,28.3,68,38,0,96
2024-12-13T15:00,26.6,76,60,0,100
2024-12-13T16:00,27.8,71,77,0,100
2024-12-13T17:00,27.3,72,80,0,100
2024-12-13T18:00,26.1,79,77,0,100
2024-12-13T19:00,25.3,84,77,0,100
2024-12-13T20:00,24.9,87,84,0,100
2024-12-13T21:00,24.4,91,94,0,100
2024-12-13T22:00,24,94,100,0,100
2024-12-13T23:00,24.1,94,100,0,100
2024-12-14T00:00,23.6,96,100,0,100
2024-12-14T01:00,23.7,95,94,0,100
2024-12-14T02:00,23.6,95,75,0,100
2024-12-14T03:00,23.6,94,50,0,100
2024-12-14T04:00,23.7,92,32,0,100
2024-12-14T05:00,23.9,88,29,0,100
2024-12-14T06:00,23.5,88,34,0.1,100
2024-12-14T07:00,23.4,86,35,0,100
2024-12-14T08:00,23.9,83,26,0,100
2024-12-14T09:00,24.8,80,13,0,100
2024-12-14T10:00,26.8,69,3,0,100
2024-12-14T11:00,27.4,67,0,0,100
2024-12-14T12:00,28.4,63,0,0,100
2024-12-14T13:00,28.5,64,0,0,100
2024-12-14T14:00,30.6,56,16,0,100
2024-12-14T15:00,27.6,80,35,0,98
2024-12-14T16:00,26.8,85,43,0.1,100
2024-12-14T17:00,25.9,91,63,0.4,100
2024-12-14T18:00,25.3,94,78,0.3,100
2024-12-14T19:00,26.3,89,63,0,100
2024-12-14T20:00,25.9,91,75,0,92
2024-12-14T21:00,25.7,92,63,0,90
2024-12-14T22:00,25.7,91,30,0,94
2024-12-14T23:00,25.9,84,28,0,100
2024-12-15T00:00,25.7,82,25,0,100
2024-12-15T01:00,25.4,80,30,0,83
2024-12-15T02:00,25.2,79,25,0,94
2024-12-15T03:00,25.1,79,38,0,94
2024-12-15T04:00,24.9,80,40,0,99
2024-12-15T05:00,24.7,81,35,0,98
2024-12-15T06:00,24.7,80,40,0,100
2024-12-15T07:00,24.6,84,25,0,83
2024-12-15T08:00,24.7,84,5,0,77
2024-12-15T09:00,25.2,79,3,0,71
2024-12-15T10:00,26,75,3,0,86
2024-12-15T11:00,26.9,72,3,0,99
2024-12-15T12:00,26.9,71,13,0,100
2024-12-15T13:00,27,73,30,0,96
2024-12-15T14:00,26.7,72,38,0,98
2024-12-15T15:00,26.8,70,53,0,96
2024-12-15T16:00,26.5,70,45,0,100
2024-12-15T17:00,26.2,70,43,0,100
2024-12-15T18:00,25.9,72,45,0,100
2024-12-15T19:00,26.3,70,48,0,100
2024-12-15T20:00,26.3,70,18,0,100
2024-12-15T21:00,26.2,71,8,0,100
2024-12-15T22:00,26,71,10,0,100
2024-12-15T23:00,25.7,72,5,0,95
2024-12-16T00:00,25.4,72,3,0,95
2024-12-16T01:00,25.1,76,3,0,96
2024-12-16T02:00,24.8,74,3,0,90
2024-12-16T03:00,24.6,72,5,0,100
2024-12-16T04:00,24.3,72,10,0,100
2024-12-16T05:00,23.9,75,18,0,95
2024-12-16T06:00,23.6,79,18,0,99
2024-12-16T07:00,23.6,78,15,0,96
2024-12-16T08:00,23.5,77,8,0,98
2024-12-16T09:00,23.6,76,10,0,90
2024-12-16T10:00,23.9,75,8,0,93
2024-12-16T11:00,24.7,72,3,0,95
2024-12-16T12:00,25.1,70,3,0,100
2024-12-16T13:00,26.6,65,0,0,96
2024-12-16T14:00,26.6,65,0,0,97
2024-12-16T15:00,26.5,65,0,0,98
2024-12-16T16:00,26.5,65,0,0,97
2024-12-16T17:00,26.1,66,0,0,98
2024-12-16T18:00,25.6,69,0,0,94
2024-12-16T19:00,25.6,71,0,0,82
2024-12-16T20:00,25,74,0,0,77
2024-12-16T21:00,24.6,76,0,0,77
2024-12-16T22:00,24.2,77,0,0,68
2024-12-16T23:00,23.7,78,0,0,53
2024-12-17T00:00,23.3,79,0,0,32
2024-12-17T01:00,23.3,79,0,0,0
2024-12-17T02:00,23.1,79,0,0,0
2024-12-17T03:00,22.8,78,0,0,7
2024-12-17T04:00,22.6,77,0,0,37
2024-12-17T05:00,22.3,76,0,0,52
2024-12-17T06:00,22.1,76,0,0,44
2024-12-17T07:00,22.2,77,0,0,34
2024-12-17T08:00,23.6,73,0,0,33
2024-12-17T09:00,25.1,67,0,0,41
2024-12-17T10:00,26.8,61,0,0,26
2024-12-17T11:00,28.4,56,0,0,22
2024-12-17T12:00,29.7,52,0,0,27
2024-12-17T13:00,30.1,53,0,0,29
2024-12-17T14:00,30.7,51,0,0,24
2024-12-17T15:00,30.7,51,0,0,44
2024-12-17T16:00,30.5,51,0,0,38
2024-12-17T17:00,29.8,52,0,0,50
2024-12-17T18:00,28,59,0,0,33
2024-12-17T19:00,26.9,68,0,0,0
2024-12-17T20:00,26.1,71,0,0,0
2024-12-17T21:00,25.6,73,0,0,5
2024-12-17T22:00,25.1,75,0,0,0
2024-12-17T23:00,24.6,76,0,0,0
2024-12-18T00:00,24.2,77,0,0,5
2024-12-18T01:00,23.8,80,0,0,6
2024-12-18T02:00,23.4,81,0,0,4
2024-12-18T03:00,22.9,82,0,0,7
2024-12-18T04:00,22.5,82,0,0,9
2024-12-18T05:00,22.2,82,0,0,11
2024-12-18T06:00,21.9,82,0,0,16
2024-12-18T07:00,22,82,0,0,11
2024-12-18T08:00,23.5,76,0,0,29
2024-12-18T09:00,25,69,0,0,36
2024-12-18T10:00,26.6,64,0,0,48
2024-12-18T11:00,28.5,57,0,0,34
2024-12-18T12:00,29.9,51,0,0,22
2024-12-18T13:00,30.4,50,0,0,30
2024-12-18T14:00,31,47,0,0,33
2024-12-18T15:00,31,47,0,0,36
2024-12-18T16:00,30.7,46,0,0,64
2024-12-18T17:00,29.9,48,0,0,44
2024-12-18T18:00,27.9,56,0,0,67
2024-12-18T19:00,26.8,62,0,0,0
2024-12-18T20:00,26,66,0,0,3
2024-12-18T21:00,25.4,68,0,0,58
2024-12-18T22:00,25,70,0,0,100
2024-12-18T23:00,24.6,72,0,0,76
2024-12-19T00:00,24.3,73,0,0,74
2024-12-19T01:00,24.1,76,0,0,87
2024-12-19T02:00,23.7,75,0,0,69
2024-12-19T03:00,23.3,77,0,0,47
2024-12-19T04:00,22.8,78,0,0,84
2024-12-19T05:00,22.5,78,0,0,100
2024-12-19T06:00,22.2,79,0,0,72
2024-12-19T07:00,22.4,81,0,0,17
2024-12-19T08:00,23.7,77,0,0,13
2024-12-19T09:00,25.2,71,0,0,10
2024-12-19T10:00,26.7,64,0,0,19
2024-12-19T11:00,28.2,58,0,0,29
2024-12-19T12:00,29.3,54,0,0,81
2024-12-19T13:00,30,54,0,0,30
2024-12-19T14:00,30.4,52,0,0,34
2024-12-19T15:00,30.5,51,0,0,30
2024-12-19T16:00,30.2,51,0,0,28
2024-12-19T17:00,29.3,52,0,0,28
2024-12-19T18:00,27.4,60,0,0,35
2024-12-19T19:00,26.4,64,0,0,40
2024-12-19T20:00,25.7,67,0,0,40
2024-12-19T21:00,24.9,70,0,0,0
2024-12-19T22:00,24,74,0,0,0
2024-12-19T23:00,23.5,77,0,0,34
2024-12-20T00:00,23.3,79,0,0,100
2024-12-20T01:00,23.1,79,0,0,100
2024-12-20T02:00,22.8,77,0,0,92
2024-12-20T03:00,22.3,78,0,0,41
2024-12-20T04:00,21.9,78,0,0,43
2024-12-20T05:00,21.6,78,0,0,45
2024-12-20T06:00,21.4,79,0,0,32
2024-12-20T07:00,21.5,83,0,0,57
2024-12-20T08:00,22.9,78,0,0,91
2024-12-20T09:00,24.4,71,0,0,100
2024-12-20T10:00,26,65,0,0,100
2024-12-20T11:00,27.6,58,0,0,100
2024-12-20T12:00,28.5,54,0,0,100
2024-12-20T13:00,29.1,52,0,0,51
2024-12-20T14:00,29.3,51,0,0,47
2024-12-20T15:00,29.3,50,0,0,52
2024-12-20T16:00,29,51,0,0,55
2024-12-20T17:00,27.9,57,0,0,33
2024-12-20T18:00,26,64,0,0,26
2024-12-20T19:00,25.5,63,0,0,0
2024-12-20T20:00,24.7,66,0,0,0
2024-12-20T21:00,23.9,70,0,0,0
2024-12-20T22:00,23.1,74,0,0,100
2024-12-20T23:00,22.7,77,0,0,100
2024-12-21T00:00,22.5,78,0,0,100
2024-12-21T01:00,22.2,80,0,0,100
2024-12-21T02:00,21.9,82,0,0,85
2024-12-21T03:00,21.7,85,0,0,100
2024-12-21T04:00,21.6,84,0,0,100
2024-12-21T05:00,21.4,83,0,0,25
2024-12-21T06:00,21,82,0,0,4
2024-12-21T07:00,20.9,84,0,0,6
2024-12-21T08:00,22.6,78,0,0,8
2024-12-21T09:00,24.2,71,0,0,6
2024-12-21T10:00,25.8,65,0,0,10
2024-12-21T11:00,27.5,60,0,0,100
2024-12-21T12:00,28.9,53,0,0,51
2024-12-21T13:00,29.2,51,0,0,74
2024-12-21T14:00,29.4,49,0,0,100
2024-12-21T15:00,29.1,49,0,0,100
2024-12-21T16:00,28.8,50,0,0,100
2024-12-21T17:00,27.7,56,0,0,100
2024-12-21T18:00,26.2,62,0,0,100
2024-12-21T19:00,25,69,0,0,100
2024-12-21T20:00,24.3,72,0,0,100
2024-12-21T21:00,23.7,75,0,0,100
2024-12-21T22:00,23.5,77,0,0,100
2024-12-21T23:00,23.2,78,0,0,100
2024-12-22T00:00,22.9,80,0,0,100
2024-12-22T01:00,22.9,81,0,0,100
2024-12-22T02:00,22.5,82,0,0,100
2024-12-22T03:00,22.3,83,0,0,100
2024-12-22T04:00,22.1,85,0,0,100
2024-12-22T05:00,22.1,83,0,0,100
2024-12-22T06:00,22,81,0,0,100
2024-12-22T07:00,21.8,80,0,0,100
2024-12-22T08:00,22.8,76,0,0,20
2024-12-22T09:00,24,69,0,0,100
2024-12-22T10:00,24.9,64,0,0,100
2024-12-22T11:00,25.3,60,0,0,100
2024-12-22T12:00,26,56,0,0,100
2024-12-22T13:00,26.6,55,0,0,100
2024-12-22T14:00,26.6,56,0,0,100
2024-12-22T15:00,26.6,57,0,0,100
2024-12-22T16:00,26.4,58,0,0,100
2024-12-22T17:00,25.6,61,0,0,100
2024-12-22T18:00,24.3,65,0,0,100
2024-12-22T19:00,23.9,65,0,0,100
2024-12-22T20:00,23.3,68,0,0,100
2024-12-22T21:00,22.8,69,0,0,100
2024-12-22T22:00,22.5,70,0,0,100
2024-12-22T23:00,22.1,72,0,0,100
2024-12-23T00:00,21.6,74,0,0,66
2024-12-23T01:00,21.2,78,0,0,26
2024-12-23T02:00,20.7,80,0,0,33
2024-12-23T03:00,20.5,80,0,0,70
2024-12-23T04:00,20.5,80,0,0,71
2024-12-23T05:00,20.7,78,0,0,68
2024-12-23T06:00,20.7,78,0,0,68
2024-12-23T07:00,20.8,82,0,0,66
2024-12-23T08:00,21.9,78,0,0,77
2024-12-23T09:00,23,72,0,0,68
2024-12-23T10:00,24.2,67,0,0,87
2024-12-23T11:00,25.7,61,0,0,88
2024-12-23T12:00,26.8,57,0,0,73
2024-12-23T13:00,27.9,53,0,0,53
2024-12-23T14:00,28.4,51,0,0,31
2024-12-23T15:00,28.4,51,0,0,48
2024-12-23T16:00,28.2,53,0,0,50
2024-12-23T17:00,27.6,56,0,0,60
2024-12-23T18:00,26.2,62,0,0,97
2024-12-23T19:00,25.7,65,0,0,88
2024-12-23T20:00,25.2,68,0,0,100
2024-12-23T21:00,24.8,69,0,0,100
2024-12-23T22:00,24.3,69,0,0,100
2024-12-23T23:00,23.9,69,0,0,100
2024-12-24T00:00,23.6,70,0,0,100
2024-12-24T01:00,23.5,71,0,0,98
2024-12-24T02:00,23.4,72,0,0,97
2024-12-24T03:00,23.2,73,0,0,98
2024-12-24T04:00,23.2,72,0,0,95
2024-12-24T05:00,23.2,70,0,0,98
2024-12-24T06:00,22.9,72,0,0,98
2024-12-24T07:00,22.7,77,0,0,68
2024-12-24T08:00,23.8,75,0,0,48
2024-12-24T09:00,25.3,70,0,0,46
2024-12-24T10:00,26.9,64,0,0,40
2024-12-24T11:00,28.3,59,0,0,48
2024-12-24T12:00,29.2,56,0,0,67
2024-12-24T13:00,29,57,0,0,78
2024-12-24T14:00,28.8,56,0,0,92
2024-12-24T15:00,28.8,56,0,0,91
2024-12-24T16:00,28.7,56,0,0,87
2024-12-24T17:00,28.2,58,0,0,100
2024-12-24T18:00,27,64,0,0,84
2024-12-24T19:00,26.7,67,0,0,85
2024-12-24T20:00,26.3,69,0,0,82
2024-12-24T21:00,26,71,0,0,71
2024-12-24T22:00,25.6,71,0,0,64
2024-12-24T23:00,24.7,75,0,0,74
2024-12-25T00:00,24.5,77,0,0,68
2024-12-25T01:00,24.4,77,0,0,55
2024-12-25T02:00,24.1,75,0,0,64
2024-12-25T03:00,23.8,76,3,0,90
2024-12-25T04:00,23.8,75,8,0,100
2024-12-25T05:00,23.7,76,20,0,100
2024-12-25T06:00,23.5,78,15,0,100
2024-12-25T07:00,23.6,80,10,0,100
2024-12-25T08:00,23.9,78,0,0,100
2024-12-25T09:00,24.6,73,0,0,100
2024-12-25T10:00,24.9,71,0,0,100
2024-12-25T11:00,26,67,0,0,100
2024-12-25T12:00,26.3,64,0,0,100
2024-12-25T13:00,27.9,60,0,0,98
2024-12-25T14:00,27.7,58,3,0,92
2024-12-25T15:00,27.9,58,0,0,83
2024-12-25T16:00,27.6,58,0,0,82
2024-12-25T17:00,27.2,59,0,0,75
2024-12-25T18:00,26.2,63,0,0,85
2024-12-25T19:00,26.1,65,0,0,92
2024-12-25T20:00,25.7,68,0,0,89
2024-12-25T21:00,25.3,70,0,0,90
2024-12-25T22:00,24.9,71,0,0,90
2024-12-25T23:00,24.8,71,0,0,96
2024-12-26T00:00,24.6,71,5,0,98
2024-12-26T01:00,24.4,76,3,0,99
2024-12-26T02:00,24.4,76,10,0,100
2024-12-26T03:00,24.4,76,3,0,100
2024-12-26T04:00,24.4,77,10,0,100
2024-12-26T05:00,24.3,77,10,0,100
2024-12-26T06:00,24.1,78,3,0,94
2024-12-26T07:00,24.2,80,0,0,97
2024-12-26T08:00,25.3,77,0,0,93
2024-12-26T09:00,26.7,72,0,0,99
2024-12-26T10:00,27.8,67,0,0,100
2024-12-26T11:00,29.1,64,3,0,100
2024-12-26T12:00,30.6,60,0,0,100
2024-12-26T13:00,30.5,60,0,0,86
2024-12-26T14:00,31.4,57,0,0,66
2024-12-26T15:00,30.9,57,0,0,100
2024-12-26T16:00,30.9,58,3,0,100
2024-12-26T17:00,30.2,61,3,0,100
2024-12-26T18:00,28.7,68,3,0,100
2024-12-26T19:00,28,73,10,0,100
2024-12-26T20:00,27.6,74,30,0,100
2024-12-26T21:00,26.5,79,68,0,100
2024-12-26T22:00,25.9,84,88,0,100
2024-12-26T23:00,25.5,87,75,0,100
2024-12-27T00:00,25.1,89,45,0,96
2024-12-27T01:00,24.9,90,15,0,73
2024-12-27T02:00,24.7,90,5,0,64
2024-12-27T03:00,24.5,90,3,0,64
2024-12-27T04:00,24.4,90,3,0,70
2024-12-27T05:00,24.4,89,0,0,57
2024-12-27T06:00,24.2,88,0,0,57
2024-12-27T07:00,24.5,85,3,0,44
2024-12-27T08:00,25.8,80,0,0,16
2024-12-27T09:00,27.3,74,0,0,97
2024-12-27T10:00,28.7,69,0,0,100
2024-12-27T11:00,30.1,63,0,0,100
2024-12-27T12:00,30.9,61,0,0,100
2024-12-27T13:00,30.9,62,8,0,79
2024-12-27T14:00,31.3,60,13,0,66
2024-12-27T15:00,30.6,65,23,0,73
2024-12-27T16:00,30.2,65,28,0,100
2024-12-27T17:00,28,78,35,0,100
2024-12-27T18:00,27.3,84,35,0,100
2024-12-27T19:00,26.7,88,18,0,100
2024-12-27T20:00,26.4,88,10,0,100
2024-12-27T21:00,26.3,88,5,0,100
2024-12-27T22:00,26.3,87,3,0,100
2024-12-27T23:00,26.2,88,5,0,100
2024-12-28T00:00,26.2,86,5,0,100
2024-12-28T01:00,25.8,90,0,0,100
2024-12-28T02:00,25.6,88,0,0,95
2024-12-28T03:00,25.4,87,5,0,96
2024-12-28T04:00,25.1,86,8,0,92
2024-12-28T05:00,25,85,8,0,81
2024-12-28T06:00,24.8,85,3,0,91
2024-12-28T07:00,24.8,89,3,0,84
2024-12-28T08:00,25.6,86,0,0,76
2024-12-28T09:00,26.8,81,0,0,82
2024-12-28T10:00,28,75,0,0,76
2024-12-28T11:00,29.2,68,3,0,77
2024-12-28T12:00,29.8,65,8,0,68
2024-12-28T13:00,30.1,67,13,0,71
2024-12-28T14:00,30,68,33,0,92
2024-12-28T15:00,28.2,77,45,0,100
2024-12-28T16:00,28.2,78,43,0,83
2024-12-28T17:00,27.5,81,23,0,100
2024-12-28T18:00,26.7,82,13,0,100
2024-12-28T19:00,26.2,84,3,0,76
2024-12-28T20:00,25.9,82,0,0,100
2024-12-28T21:00,25.5,84,0,0,100
2024-12-28T22:00,25.2,86,0,0,100
2024-12-28T23:00,24.9,84,0,0,63
2024-12-29T00:00,24.8,73,0,0,49
2024-12-29T01:00,24.3,72,0,0,73
2024-12-29T02:00,23.7,74,0,0,96
2024-12-29T03:00,23.2,76,0,0,68
2024-12-29T04:00,22.6,79,0,0,28
2024-12-29T05:00,22.2,81,0,0,14
2024-12-29T06:00,21.9,82,0,0,32
2024-12-29T07:00,22.1,83,0,0,80
2024-12-29T08:00,23.2,80,0,0,67
2024-12-29T09:00,24.6,74,0,0,48
2024-12-29T10:00,26,68,0,0,64
2024-12-29T11:00,27.3,62,0,0,39
2024-12-29T12:00,28.3,59,0,0,41
2024-12-29T13:00,29.2,56,0,0,33
2024-12-29T14:00,29.7,55,0,0,37
2024-12-29T15:00,29.7,55,0,0,39
2024-12-29T16:00,29.4,55,0,0,42
2024-12-29T17:00,28.6,59,0,0,38
2024-12-29T18:00,26.7,68,0,0,52
2024-12-29T19:00,25.4,76,0,0,55
2024-12-29T20:00,24.7,79,0,0,46
2024-12-29T21:00,24,82,0,0,34
2024-12-29T22:00,23.5,84,0,0,17
2024-12-29T23:00,23.1,85,0,0,40
2024-12-30T00:00,22.9,85,0,0,16
2024-12-30T01:00,22.8,82,0,0,100
2024-12-30T02:00,22.3,82,0,0,8
2024-12-30T03:00,21.8,83,0,0,71
2024-12-30T04:00,21.4,83,0,0,12
2024-12-30T05:00,21,83,0,0,13
2024-12-30T06:00,20.7,84,0,0,65
2024-12-30T07:00,20.9,85,0,0,8
2024-12-30T08:00,22.4,80,0,0,0
2024-12-30T09:00,23.9,74,0,0,3
2024-12-30T10:00,25.5,68,0,0,0
2024-12-30T11:00,27.2,63,0,0,32
2024-12-30T12:00,28.7,58,0,0,94
2024-12-30T13:00,29.5,55,0,0,31
2024-12-30T14:00,30,53,0,0,95
2024-12-30T15:00,29.7,53,0,0,100
2024-12-30T16:00,29.1,54,0,0,100
2024-12-30T17:00,27.8,61,0,0,100
2024-12-30T18:00,25.9,69,0,0,100
2024-12-30T19:00,25,73,0,0,100
2024-12-30T20:00,24.3,76,0,0,50
2024-12-30T21:00,23.7,78,0,0,38
2024-12-30T22:00,23.2,79,0,0,0
2024-12-30T23:00,22.7,81,0,0,10
2024-12-31T00:00,22.3,82,0,0,25
2024-12-31T01:00,22.1,83,0,0,11
2024-12-31T02:00,21.9,85,0,0,0
2024-12-31T03:00,21.8,87,0,0,0
2024-12-31T04:00,21.7,87,0,0,0
2024-12-31T05:00,21.7,86,0,0,30
2024-12-31T06:00,21.6,84,0,0,33
2024-12-31T07:00,21.8,88,0,0,25
2024-12-31T08:00,23.5,82,0,0,31
2024-12-31T09:00,25.1,75,0,0,47
2024-12-31T10:00,26.4,69,0,0,52
2024-12-31T11:00,27.6,65,0,0,73
2024-12-31T12:00,28.9,61,0,0,33
2024-12-31T13:00,29.6,58,0,0,92
2024-12-31T14:00,30.4,55,0,0,100
2024-12-31T15:00,30.3,55,0,0,100
2024-12-31T16:00,29.9,56,0,0,100
2024-12-31T17:00,28.5,64,0,0,100
2024-12-31T18:00,26.9,72,0,0,100
2024-12-31T19:00,26.6,72,0,0,100
2024-12-31T20:00,26,75,0,0,100
2024-12-31T21:00,25.6,76,0,0,100
2024-12-31T22:00,25.2,78,0,0,80
2024-12-31T23:00,24.7,80,0,0,65
2025-01-01T00:00,24.3,82,0,0,84
2025-01-01T01:00,24.4,81,0,0,95
2025-01-01T02:00,24.1,83,0,0,81
2025-01-01T03:00,23.7,83,0,0,86
2025-01-01T04:00,23.4,83,0,0,79
2025-01-01T05:00,23.2,82,0,0,92
2025-01-01T06:00,22.8,82,0,0,100
2025-01-01T07:00,22.8,85,0,0,100
2025-01-01T08:00,23.9,80,0,0,90
2025-01-01T09:00,25.2,74,0,0,100
2025-01-01T10:00,26.5,69,0,0,100
2025-01-01T11:00,28,63,0,0,22
2025-01-01T12:00,29.1,59,0,0,67
2025-01-01T13:00,29.5,58,0,0,65
2025-01-01T14:00,29.8,57,0,0,63
2025-01-01T15:00,29.8,56,0,0,92
2025-01-01T16:00,29.5,56,0,0,77
2025-01-01T17:00,28.5,61,0,0,86
2025-01-01T18:00,26.6,70,0,0,85
2025-01-01T19:00,26,73,0,0,17
2025-01-01T20:00,25.3,77,0,0,20
2025-01-01T21:00,24.8,79,0,0,89
2025-01-01T22:00,24.4,81,0,0,99
2025-01-01T23:00,23.9,82,0,0,65
2025-01-02T00:00,23.6,83,0,0,94
2025-01-02T01:00,23.7,82,0,0,100
2025-01-02T02:00,23.3,82,0,0,100
2025-01-02T03:00,23,82,0,0,87
2025-01-02T04:00,22.8,82,0,0,56
2025-01-02T05:00,22.6,83,0,0,60
2025-01-02T06:00,22.4,83,0,0,75
2025-01-02T07:00,22.6,85,0,0,59
2025-01-02T08:00,24,81,0,0,69
2025-01-02T09:00,25.6,74,0,0,44
2025-01-02T10:00,27,68,0,0,34
2025-01-02T11:00,28.5,64,0,0,45
2025-01-02T12:00,29.6,58,0,0,55
2025-01-02T13:00,30.4,56,0,0,73
2025-01-02T14:00,30.9,54,0,0,54
2025-01-02T15:00,30.9,54,0,0,43
2025-01-02T16:00,30.5,55,0,0,53
2025-01-02T17:00,29.7,58,0,0,57
2025-01-02T18:00,27.9,67,0,0,65
2025-01-02T19:00,27.3,68,0,0,100
2025-01-02T20:00,26.6,72,0,0,100
2025-01-02T21:00,26.2,74,0,0,100
2025-01-02T22:00,25.8,76,0,0,100
2025-01-02T23:00,25.4,78,0,0,100
2025-01-03T00:00,25.1,79,0,0,100
2025-01-03T01:00,24.8,81,0,0,100
2025-01-03T02:00,24.6,83,0,0,100
2025-01-03T03:00,24.4,83,0,0,100
2025-01-03T04:00,24.1,83,0,0,91
2025-01-03T05:00,23.7,84,0,0,65
2025-01-03T06:00,23.4,85,0,0,61
2025-01-03T07:00,23.9,84,0,0,98
2025-01-03T08:00,24.7,81,0,0,100
2025-01-03T09:00,25.5,76,0,0,100
2025-01-03T10:00,26.7,71,0,0,100
2025-01-03T11:00,27.9,65,0,0,100
2025-01-03T12:00,29.1,60,0,0,92
2025-01-03T13:00,30.2,56,0,0,100
2025-01-03T14:00,29.9,57,0,0,100
2025-01-03T15:00,29.8,58,0,0,92
2025-01-03T16:00,29.6,59,0,0,98
2025-01-03T17:00,28.7,63,3,0,100
2025-01-03T18:00,27.5,69,3,0,100
2025-01-03T19:00,27.1,73,3,0,100
2025-01-03T20:00,26.5,76,0,0,100
2025-01-03T21:00,26,78,0,0,100
2025-01-03T22:00,25.5,79,0,0,100
2025-01-03T23:00,25.1,80,0,0,100
2025-01-04T00:00,24.9,81,0,0,100
2025-01-04T01:00,24.9,83,0,0,100
2025-01-04T02:00,24.6,82,0,0,100
2025-01-04T03:00,24.3,75,0,0,100
2025-01-04T04:00,24.1,72,0,0,100
2025-01-04T05:00,23.7,71,0,0,100
2025-01-04T06:00,23.3,71,0,0,100
2025-01-04T07:00,23.3,70,0,0,100
2025-01-04T08:00,23.8,68,0,0,100
2025-01-04T09:00,24.9,64,0,0,100
2025-01-04T10:00,26.5,59,0,0,93
2025-01-04T11:00,28.4,51,0,0,71
2025-01-04T12:00,29.8,45,0,0,68
2025-01-04T13:00,30.6,45,0,0,46
2025-01-04T14:00,30.9,44,0,0,51
2025-01-04T15:00,30.8,45,0,0,58
2025-01-04T16:00,30.4,46,0,0,59
2025-01-04T17:00,29.7,47,0,0,39
2025-01-04T18:00,27.9,55,0,0,32
2025-01-04T19:00,26.6,62,0,0,11
2025-01-04T20:00,25.8,65,0,0,7
2025-01-04T21:00,25.1,68,0,0,6
2025-01-04T22:00,24.6,69,0,0,17
2025-01-04T23:00,23.9,72,0,0,52
2025-01-05T00:00,23.3,75,0,0,100
2025-01-05T01:00,22.9,79,0,0,100
2025-01-05T02:00,22.6,79,0,0,100
2025-01-05T03:00,22.1,80,0,0,100
2025-01-05T04:00,21.6,80,0,0,100
2025-01-05T05:00,21.2,80,0,0,83
2025-01-05T06:00,20.8,80,0,0,59
2025-01-05T07:00,21,80,0,0,71
2025-01-05T08:00,22.3,73,0,0,42
2025-01-05T09:00,23.9,64,0,0,7
2025-01-05T10:00,25.6,58,0,0,4
2025-01-05T11:00,27.3,53,0,0,4
2025-01-05T12:00,28.8,49,0,0,0
2025-01-05T13:00,29.3,50,0,0,14
2025-01-05T14:00,29.7,48,0,0,24
2025-01-05T15:00,29.8,47,0,0,14
2025-01-05T16:00,29.4,46,0,0,13
2025-01-05T17:00,28.6,49,0,0,10
2025-01-05T18:00,26.5,59,0,0,0
2025-01-05T19:00,25.3,64,0,0,3
2025-01-05T20:00,24.4,68,0,0,0
2025-01-05T21:00,23.6,72,0,0,0
2025-01-05T22:00,22.9,75,0,0,0
2025-01-05T23:00,22.5,77,0,0,0
2025-01-06T00:00,22,79,0,0,0
2025-01-06T01:00,21.8,82,0,0,0
2025-01-06T02:00,21.5,83,0,0,0
2025-01-06T03:00,21.2,85,0,0,0
2025-01-06T04:00,20.9,86,0,0,3
2025-01-06T05:00,20.7,86,0,0,10
2025-01-06T06:00,20.4,85,0,0,16
2025-01-06T07:00,20.3,85,0,0,1
2025-01-06T08:00,21.8,79,0,0,0
2025-01-06T09:00,23.3,71,0,0,0
2025-01-06T10:00,25,66,0,0,0
2025-01-06T11:00,26.7,61,0,0,12
2025-01-06T12:00,28.2,55,0,0,7
2025-01-06T13:00,29,52,0,0,38
2025-01-06T14:00,29.3,50,0,0,44
2025-01-06T15:00,29.3,50,0,0,40
2025-01-06T16:00,29,50,0,0,18
2025-01-06T17:00,28,53,0,0,1
2025-01-06T18:00,25.7,64,0,0,0
2025-01-06T19:00,24.5,68,0,0,0
2025-01-06T20:00,23.6,72,0,0,0
2025-01-06T21:00,22.9,74,0,0,0
2025-01-06T22:00,22.4,75,0,0,0
2025-01-06T23:00,21.9,78,0,0,1
2025-01-07T00:00,21.4,80,0,0,9
2025-01-07T01:00,21.2,81,0,0,0
2025-01-07T02:00,20.9,82,0,0,0
2025-01-07T03:00,20.7,83,0,0,0
2025-01-07T04:00,20.4,85,0,0,0
2025-01-07T05:00,20.2,88,0,0,0
2025-01-07T06:00,20.1,90,0,0,0
2025-01-07T07:00,20.3,92,0,0,0
2025-01-07T08:00,22.3,84,0,0,0
2025-01-07T09:00,24.2,75,0,0,0
2025-01-07T10:00,26,69,0,0,0
2025-01-07T11:00,27.6,62,0,0,4
2025-01-07T12:00,28.8,55,0,0,15
2025-01-07T13:00,29.6,53,0,0,29
2025-01-07T14:00,30.1,52,0,0,37
2025-01-07T15:00,30.2,51,0,0,44
2025-01-07T16:00,30,51,0,0,37
2025-01-07T17:00,29.1,54,0,0,26
2025-01-07T18:00,27,64,0,0,46
2025-01-07T19:00,26.1,65,0,0,57
2025-01-07T20:00,25.1,68,0,0,59
2025-01-07T21:00,24.4,70,0,0,54
2025-01-07T22:00,23.8,72,0,0,51
2025-01-07T23:00,23.3,73,0,0,28
2025-01-08T00:00,22.7,75,0,0,28
2025-01-08T01:00,22.3,78,0,0,36
2025-01-08T02:00,21.9,79,0,0,33
2025-01-08T03:00,21.5,80,0,0,32
2025-01-08T04:00,21.2,81,0,0,97
2025-01-08T05:00,21,82,0,0,100
2025-01-08T06:00,20.8,84,0,0,100
2025-01-08T07:00,21.1,88,0,0,43
2025-01-08T08:00,22.9,81,0,0,36
2025-01-08T09:00,24.7,71,0,0,35
2025-01-08T10:00,26.2,67,0,0,36
2025-01-08T11:00,27.9,61,0,0,37
2025-01-08T12:00,29.4,55,0,0,33
2025-01-08T13:00,30.3,51,0,0,44
2025-01-08T14:00,30.7,48,0,0,42
2025-01-08T15:00,30.8,48,0,0,37
2025-01-08T16:00,30.5,47,0,0,36
2025-01-08T17:00,29.7,51,0,0,14
2025-01-08T18:00,27.5,61,0,0,6
2025-01-08T19:00,25.9,67,0,0,0
2025-01-08T20:00,25,71,0,0,0
2025-01-08T21:00,24.4,73,0,0,0
2025-01-08T22:00,23.9,76,0,0,36
2025-01-08T23:00,23.4,77,0,0,62
2025-01-09T00:00,23,79,0,0,67
2025-01-09T01:00,22.8,79,0,0,0
2025-01-09T02:00,22.4,81,0,0,0
2025-01-09T03:00,22.3,80,0,0,8
2025-01-09T04:00,21.8,80,0,0,7
2025-01-09T05:00,21.2,81,0,0,0
2025-01-09T06:00,20.7,81,0,0,0
2025-01-09T07:00,20.5,84,0,0,0
2025-01-09T08:00,22.3,78,0,0,0
2025-01-09T09:00,24.3,70,0,0,11
2025-01-09T10:00,26.3,65,0,0,32
2025-01-09T11:00,28.2,59,0,0,43
2025-01-09T12:00,29.9,53,0,0,12
2025-01-09T13:00,30.8,49,0,0,30
2025-01-09T14:00,31.3,46,0,0,37
2025-01-09T15:00,31.2,45,0,0,30
2025-01-09T16:00,30.8,47,0,0,34
2025-01-09T17:00,29.7,51,0,0,41
2025-01-09T18:00,27.4,61,0,0,49
2025-01-09T19:00,26.8,62,0,0,85
2025-01-09T20:00,25.9,65,0,0,86
2025-01-09T21:00,25.2,68,0,0,63
2025-01-09T22:00,24.5,70,0,0,100
2025-01-09T23:00,23.9,72,0,0,100
2025-01-10T00:00,23.5,72,0,0,100
2025-01-10T01:00,22.9,75,0,0,100
2025-01-10T02:00,22.7,77,0,0,100
2025-01-10T03:00,22.6,76,0,0,27
2025-01-10T04:00,22.2,78,0,0,59
2025-01-10T05:00,21.8,80,0,0,5
2025-01-10T06:00,21.4,82,0,0,0
2025-01-10T07:00,21.5,84,0,0,0
2025-01-10T08:00,23.1,78,0,0,14
2025-01-10T09:00,25.1,68,0,0,29
2025-01-10T10:00,27,59,0,0,33
2025-01-10T11:00,28.7,53,0,0,18
2025-01-10T12:00,29.9,49,0,0,0
2025-01-10T13:00,30.6,47,0,0,0
2025-01-10T14:00,31.2,45,0,0,0
2025-01-10T15:00,31.2,45,0,0,17
2025-01-10T16:00,30.9,45,0,0,42
2025-01-10T17:00,30,48,0,0,69
2025-01-10T18:00,28.1,54,0,0,55
2025-01-10T19:00,26.9,58,0,0,30
2025-01-10T20:00,25.9,61,0,0,1
2025-01-10T21:00,25.3,63,0,0,44
2025-01-10T22:00,25.4,58,0,0,100
2025-01-10T23:00,24.8,57,0,0,100
2025-01-11T00:00,24.1,57,0,0,8
2025-01-11T01:00,23.7,53,0,0,63
2025-01-11T02:00,22.9,55,0,0,86
2025-01-11T03:00,22.3,58,0,0,100
2025-01-11T04:00,21.8,60,0,0,19
2025-01-11T05:00,21.2,63,0,0,0
2025-01-11T06:00,20.7,66,0,0,0
2025-01-11T07:00,20.8,70,0,0,25
2025-01-11T08:00,21.8,69,0,0,35
2025-01-11T09:00,23.4,64,0,0,33
2025-01-11T10:00,25.1,58,0,0,47
2025-01-11T11:00,26.8,53,0,0,72
2025-01-11T12:00,28.1,49,0,0,75
2025-01-11T13:00,28.4,48,0,0,100
2025-01-11T14:00,29.1,46,0,0,100
2025-01-11T15:00,29.2,46,0,0,100
2025-01-11T16:00,28.9,46,0,0,100
2025-01-11T17:00,28.3,47,0,0,86
2025-01-11T18:00,27.1,49,0,0,100
2025-01-11T19:00,26.1,58,0,0,100
2025-01-11T20:00,25.3,61,0,0,100
2025-01-11T21:00,24.6,65,0,0,100
2025-01-11T22:00,24.6,60,0,0,100
2025-01-11T23:00,24.1,56,0,0,100
2025-01-12T00:00,23.4,58,0,0,100
2025-01-12T01:00,23,58,0,0,100
2025-01-12T02:00,22.1,60,0,0,15
2025-01-12T03:00,21.3,61,0,0,55
2025-01-12T04:00,20.8,63,0,0,47
2025-01-12T05:00,20.4,63,0,0,34
2025-01-12T06:00,20.1,63,0,0,43
2025-01-12T07:00,20.1,66,0,0,10
2025-01-12T08:00,20.7,69,0,0,51
2025-01-12T09:00,21.9,66,0,0,100
2025-01-12T10:00,23,61,0,0,100
2025-01-12T11:00,24.2,55,0,0,80
2025-01-12T12:00,25.3,52,0,0,100
2025-01-12T13:00,26.3,50,0,0,75
2025-01-12T14:00,27,48,0,0,28
2025-01-12T15:00,27.2,47,0,0,25
2025-01-12T16:00,27,48,0,0,5
2025-01-12T17:00,26.4,48,0,0,11
2025-01-12T18:00,24.9,53,0,0,2
2025-01-12T19:00,22.9,65,0,0,0
2025-01-12T20:00,22,68,0,0,8
2025-01-12T21:00,21.4,70,0,0,10
2025-01-12T22:00,20.9,73,0,0,0
2025-01-12T23:00,20.3,76,0,0,26
2025-01-13T00:00,19.9,80,0,0,0
2025-01-13T01:00,20.2,75,0,0,5
2025-01-13T02:00,19.8,73,0,0,3
2025-01-13T03:00,19.3,70,0,0,0
2025-01-13T04:00,18.9,67,0,0,0
2025-01-13T05:00,18.4,66,0,0,0
2025-01-13T06:00,18.1,67,0,0,0
2025-01-13T07:00,18.1,69,0,0,19
2025-01-13T08:00,19.1,66,0,0,12
2025-01-13T09:00,20.6,60,0,0,32
2025-01-13T10:00,22.3,56,0,0,40
2025-01-13T11:00,24.1,53,0,0,20
2025-01-13T12:00,25.7,50,0,0,25
2025-01-13T13:00,26.7,48,0,0,18
2025-01-13T14:00,27.4,47,0,0,25
2025-01-13T15:00,27.7,46,0,0,28
2025-01-13T16:00,27.5,46,0,0,3
2025-01-13T17:00,26.8,48,0,0,0
2025-01-13T18:00,24.7,56,0,0,0
2025-01-13T19:00,23.4,62,0,0,0
2025-01-13T20:00,22.4,66,0,0,0
2025-01-13T21:00,21.6,70,0,0,20
2025-01-13T22:00,20.9,73,0,0,16
2025-01-13T23:00,20.5,74,0,0,30
2025-01-14T00:00,20.2,73,0,0,64
2025-01-14T01:00,19.9,74,0,0,85
2025-01-14T02:00,19.6,75,0,0,98
2025-01-14T03:00,19.4,76,0,0,73
2025-01-14T04:00,19.4,76,0,0,66
2025-01-14T05:00,19.4,76,0,0,40
2025-01-14T06:00,19.3,77,0,0,16
2025-01-14T07:00,19.4,81,0,0,2
2025-01-14T08:00,20.9,77,0,0,18
2025-01-14T09:00,23,71,0,0,13
2025-01-14T10:00,24.8,65,0,0,20
2025-01-14T11:00,26.5,60,0,0,17
2025-01-14T12:00,28,56,0,0,26
2025-01-14T13:00,29.4,55,0,0,4
2025-01-14T14:00,30.1,53,0,0,0
2025-01-14T15:00,30.4,52,0,0,0
2025-01-14T16:00,30.2,52,0,0,39
2025-01-14T17:00,29.5,54,0,0,82
2025-01-14T18:00,27.6,63,0,0,100
2025-01-14T19:00,26.9,66,3,0,92
2025-01-14T20:00,26.3,67,10,0,100
2025-01-14T21:00,25.9,67,23,0,96
2025-01-14T22:00,25.3,69,8,0,99
2025-01-14T23:00,25,70,8,0,85
2025-01-15T00:00,24.7,70,5,0,93
2025-01-15T01:00,24.2,72,8,0,87
2025-01-15T02:00,24.1,72,0,0,96
2025-01-15T03:00,24.1,73,3,0,89
2025-01-15T04:00,24.1,75,18,0,96
2025-01-15T05:00,24.1,77,23,0,94
2025-01-15T06:00,23.9,80,28,0,95
2025-01-15T07:00,23.9,82,20,0,94
2025-01-15T08:00,24.4,82,40,0,94
2025-01-15T09:00,24.9,81,30,0,94
2025-01-15T10:00,25.8,77,23,0,95
2025-01-15T11:00,26.8,73,8,0,95
2025-01-15T12:00,27.8,69,8,0,95
2025-01-15T13:00,29.2,65,0,0,90
2025-01-15T14:00,30.1,61,3,0,80
2025-01-15T15:00,30,60,5,0,86
2025-01-15T16:00,29.4,63,5,0,83
2025-01-15T17:00,28.6,66,5,0,90
2025-01-15T18:00,27.8,67,3,0,75
2025-01-15T19:00,28.5,62,3,0,69
2025-01-15T20:00,27.5,67,5,0,100
2025-01-15T21:00,26.9,71,5,0,100
2025-01-15T22:00,26.5,72,3,0,100
2025-01-15T23:00,26.1,74,0,0,100
2025-01-16T00:00,26.2,72,0,0,95
2025-01-16T01:00,26.2,71,0,0,81
2025-01-16T02:00,26.1,70,3,0,89
2025-01-16T03:00,25.8,71,3,0,97
2025-01-16T04:00,25.4,73,0,0,99
2025-01-16T05:00,25.2,73,3,0,96
2025-01-16T06:00,25.1,73,5,0,83
2025-01-16T07:00,25,70,5,0,73
2025-01-16T08:00,25.7,69,0,0,67
2025-01-16T09:00,26.9,63,0,0,60
2025-01-16T10:00,28.2,58,0,0,47
2025-01-16T11:00,29.6,52,0,0,42
2025-01-16T12:00,30.8,48,0,0,36
2025-01-16T13:00,31.5,48,0,0,34
2025-01-16T14:00,31.9,46,0,0,45
2025-01-16T15:00,31.8,45,0,0,63
2025-01-16T16:00,31.4,45,0,0,68
2025-01-16T17:00,30.8,45,0,0,76
2025-01-16T18:00,29.7,47,0,0,33
2025-01-16T19:00,28.7,52,0,0,43
2025-01-16T20:00,27.4,57,0,0,5
2025-01-16T21:00,26.5,60,0,0,48
2025-01-16T22:00,26.5,55,0,0,97
2025-01-16T23:00,25.8,52,0,0,100
2025-01-17T00:00,24.9,53,0,0,57
2025-01-17T01:00,24.2,57,0,0,95
2025-01-17T02:00,23.5,60,0,0,96
2025-01-17T03:00,22.9,64,0,0,100
2025-01-17T04:00,22.4,66,0,0,100
2025-01-17T05:00,22,68,0,0,61
2025-01-17T06:00,21.5,70,0,0,67
2025-01-17T07:00,21.4,72,0,0,77
2025-01-17T08:00,22.5,70,0,0,31
2025-01-17T09:00,24,65,0,0,56
2025-01-17T10:00,25.7,59,0,0,100
2025-01-17T11:00,27.6,52,0,0,100
2025-01-17T12:00,29,48,0,0,100
2025-01-17T13:00,30.2,46,0,0,100
2025-01-17T14:00,30.9,44,0,0,100
2025-01-17T15:00,31.1,43,0,0,100
2025-01-17T16:00,30.9,43,0,0,100
2025-01-17T17:00,30.3,44,0,0,100
2025-01-17T18:00,28.7,50,0,0,100
2025-01-17T19:00,27.2,56,0,0,100
2025-01-17T20:00,26.1,60,0,0,10
2025-01-17T21:00,25.3,63,0,0,0
2025-01-17T22:00,24.8,63,0,0,0
2025-01-17T23:00,24.3,63,0,0,48
2025-01-18T00:00,23.5,66,0,0,100
2025-01-18T01:00,22.9,69,0,0,100
2025-01-18T02:00,22.1,73,0,0,100
2025-01-18T03:00,21.4,75,0,0,20
2025-01-18T04:00,20.9,76,0,0,5
2025-01-18T05:00,20.7,75,0,0,0
2025-01-18T06:00,20.2,77,0,0,3
2025-01-18T07:00,20,82,0,0,0
2025-01-18T08:00,21.4,76,0,0,0
2025-01-18T09:00,23.1,68,0,0,11
2025-01-18T10:00,25,62,0,0,5
2025-01-18T11:00,27,54,0,0,80
2025-01-18T12:00,28.7,49,0,0,84
2025-01-18T13:00,30,46,0,0,12
2025-01-18T14:00,30.7,43,0,0,5
2025-01-18T15:00,30.8,42,0,0,17
2025-01-18T16:00,30.4,42,0,0,2
2025-01-18T17:00,29.7,44,0,0,0
2025-01-18T18:00,27.6,52,0,0,0
2025-01-18T19:00,26.7,57,0,0,0
2025-01-18T20:00,25.6,61,0,0,0
2025-01-18T21:00,24.8,65,0,0,20
2025-01-18T22:00,24.1,68,0,0,0
2025-01-18T23:00,23.5,71,0,0,0
2025-01-19T00:00,23,74,0,0,0
2025-01-19T01:00,22.6,78,0,0,2
2025-01-19T02:00,22.2,80,0,0,0
2025-01-19T03:00,21.9,80,0,0,6
2025-01-19T04:00,21.6,80,0,0,70
2025-01-19T05:00,21.2,81,0,0,1
2025-01-19T06:00,20.8,82,0,0,0
2025-01-19T07:00,21.1,83,0,0,0
2025-01-19T08:00,22.7,77,0,0,0
2025-01-19T09:00,24.6,68,0,0,0
2025-01-19T10:00,26.4,61,0,0,0
2025-01-19T11:00,28.3,55,0,0,0
2025-01-19T12:00,29.9,49,0,0,4
2025-01-19T13:00,30.5,49,0,0,34
2025-01-19T14:00,31,47,0,0,39
2025-01-19T15:00,31.1,47,0,0,48
2025-01-19T16:00,30.7,47,0,0,92
2025-01-19T17:00,30,48,0,0,74
2025-01-19T18:00,27.9,56,0,0,54
2025-01-19T19:00,26.6,62,0,0,29
2025-01-19T20:00,25.4,67,0,0,100
2025-01-19T21:00,24.7,69,0,0,100
2025-01-19T22:00,24.1,71,0,0,91
2025-01-19T23:00,23.4,75,0,0,92
2025-01-20T00:00,22.8,78,0,0,100
2025-01-20T01:00,22.5,80,0,0,100
2025-01-20T02:00,22.2,81,0,0,100
2025-01-20T03:00,22,82,0,0,100
2025-01-20T04:00,21.7,84,0,0,100
2025-01-20T05:00,21.5,88,0,0,100
2025-01-20T06:00,21.3,87,0,0,100
2025-01-20T07:00,21.7,85,0,0,100
2025-01-20T08:00,23.1,79,0,0,100
2025-01-20T09:00,24.7,68,0,0,100
2025-01-20T10:00,26.2,61,0,0,100
2025-01-20T11:00,28,52,0,0,90
2025-01-20T12:00,29.4,46,0,0,13
2025-01-20T13:00,30.2,45,0,0,14
2025-01-20T14:00,30.7,43,0,0,8
2025-01-20T15:00,30.8,41,0,0,0
2025-01-20T16:00,30.5,42,0,0,9
2025-01-20T17:00,29.7,44,0,0,0
2025-01-20T18:00,27.5,54,0,0,92
2025-01-20T19:00,25.8,64,0,0,7
2025-01-20T20:00,24.8,67,0,0,0
2025-01-20T21:00,23.7,70,0,0,20
2025-01-20T22:00,22.9,71,0,0,100
2025-01-20T23:00,22.3,73,0,0,3
2025-01-21T00:00,22,74,0,0,82
2025-01-21T01:00,21.9,74,0,0,100
2025-01-21T02:00,21.4,76,0,0,100
2025-01-21T03:00,20.8,77,0,0,95
2025-01-21T04:00,20.3,78,0,0,60
2025-01-21T05:00,19.9,79,0,0,77
2025-01-21T06:00,19.7,80,0,0,100
2025-01-21T07:00,19.8,82,0,0,100
2025-01-21T08:00,21.8,82,0,0,100
2025-01-21T09:00,24.2,72,0,0,100
2025-01-21T10:00,26.2,63,0,0,100
2025-01-21T11:00,27.8,54,0,0,100
2025-01-21T12:00,29,48,0,0,100
2025-01-21T13:00,30,45,0,0,100
2025-01-21T14:00,30.4,42,0,0,26
2025-01-21T15:00,30.5,42,0,0,12
2025-01-21T16:00,30.1,42,0,0,6
2025-01-21T17:00,29.4,44,0,0,23
2025-01-21T18:00,27.3,56,0,0,100
2025-01-21T19:00,26.5,56,0,0,100
2025-01-21T20:00,25.2,60,0,0,3
2025-01-21T21:00,23.8,65,0,0,100
2025-01-21T22:00,23,68,0,0,100
2025-01-21T23:00,22.6,69,0,0,100
2025-01-22T00:00,22.3,69,0,0,97
2025-01-22T01:00,21.4,71,0,0,49
2025-01-22T02:00,20.8,71,0,0,5
2025-01-22T03:00,20.3,72,0,0,0
2025-01-22T04:00,19.7,74,0,0,0
2025-01-22T05:00,19.4,75,0,0,3
2025-01-22T06:00,19.5,74,0,0,11
2025-01-22T07:00,19.2,80,0,0,58
2025-01-22T08:00,21,83,0,0,97
2025-01-22T09:00,24.1,73,0,0,94
2025-01-22T10:00,26.3,63,0,0,100
2025-01-22T11:00,27.8,57,0,0,100
2025-01-22T12:00,29.3,51,0,0,5
2025-01-22T13:00,30.4,47,0,0,7
2025-01-22T14:00,30.8,44,0,0,10
2025-01-22T15:00,30.9,44,0,0,10
2025-01-22T16:00,30.6,44,0,0,4
2025-01-22T17:00,29.8,47,0,0,1
2025-01-22T18:00,28.1,62,0,0,2
2025-01-22T19:00,28,55,0,0,90
2025-01-22T20:00,27.1,56,0,0,100
2025-01-22T21:00,26.4,57,0,0,100
2025-01-22T22:00,25.1,60,0,0,100
2025-01-22T23:00,23.5,66,0,0,100
2025-01-23T00:00,23,68,0,0,100
2025-01-23T01:00,22.2,73,0,0,100
2025-01-23T02:00,21.8,75,0,0,100
2025-01-23T03:00,21.5,76,0,0,100
2025-01-23T04:00,21.4,77,0,0,100
2025-01-23T05:00,20.4,82,0,0,100
2025-01-23T06:00,20.6,84,0,0,100
2025-01-23T07:00,20.9,88,0,0,100
2025-01-23T08:00,22.8,88,0,0,100
2025-01-23T09:00,25.4,81,0,0,100
2025-01-23T10:00,27.5,75,0,0,100
2025-01-23T11:00,29.3,61,0,0,66
2025-01-23T12:00,30.6,53,0,0,55
2025-01-23T13:00,31.3,51,0,0,100
2025-01-23T14:00,31.8,48,0,0,65
2025-01-23T15:00,31.9,48,0,0,79
2025-01-23T16:00,31.6,49,0,0,100
2025-01-23T17:00,30.8,51,0,0,100
2025-01-23T18:00,28.9,62,0,0,100
2025-01-23T19:00,27.6,68,0,0,100
2025-01-23T20:00,27,70,0,0,97
2025-01-23T21:00,26.8,70,0,0,100
2025-01-23T22:00,26.3,72,0,0,100
2025-01-23T23:00,25.3,75,0,0,100
2025-01-24T00:00,23.9,83,0,0,100
2025-01-24T01:00,23.3,82,0,0,100
2025-01-24T02:00,22.7,85,0,0,89
2025-01-24T03:00,22.2,87,0,0,45
2025-01-24T04:00,22,87,0,0,30
2025-01-24T05:00,21.8,87,0,0,16
2025-01-24T06:00,21.6,87,0,0,10
2025-01-24T07:00,21.8,89,0,0,41
2025-01-24T08:00,23.6,87,0,0,51
2025-01-24T09:00,26.6,73,0,0,94
2025-01-24T10:00,29,63,0,0,79
2025-01-24T11:00,30.7,56,0,0,46
2025-01-24T12:00,31.9,51,0,0,24
2025-01-24T13:00,32.4,51,0,0,34
2025-01-24T14:00,32.8,48,0,0,38
2025-01-24T15:00,32.9,47,0,0,32
2025-01-24T16:00,32.7,46,0,0,24
2025-01-24T17:00,32,46,0,0,14
2025-01-24T18:00,30,59,0,0,0
2025-01-24T19:00,29.4,61,0,0,43
2025-01-24T20:00,28.5,63,0,0,100
2025-01-24T21:00,26.8,67,0,0,100
2025-01-24T22:00,25.4,74,0,0,100
2025-01-24T23:00,24.7,77,0,0,13
2025-01-25T00:00,23.6,83,0,0,14
2025-01-25T01:00,23.3,86,0,0,100
2025-01-25T02:00,23.7,87,0,0,100
2025-01-25T03:00,23.6,91,0,0,43
2025-01-25T04:00,23.4,92,0,0,66
2025-01-25T05:00,23.2,92,0,0,78
2025-01-25T06:00,23.1,93,0,0,7
2025-01-25T07:00,23.2,93,0,0,0
2025-01-25T08:00,25.1,87,0,0,1
2025-01-25T09:00,27.1,78,0,0,3
2025-01-25T10:00,28.9,69,0,0,4
2025-01-25T11:00,30.5,62,0,0,28
2025-01-25T12:00,31.5,57,0,0,49
2025-01-25T13:00,31.8,57,0,0,63
2025-01-25T14:00,32.3,53,0,0,58
2025-01-25T15:00,32.5,53,0,0,57
2025-01-25T16:00,32.2,54,0,0,53
2025-01-25T17:00,31.6,55,0,0,34
2025-01-25T18:00,29.7,66,0,0,35
2025-01-25T19:00,28.3,72,0,0,46
2025-01-25T20:00,27.4,77,0,0,52
2025-01-25T21:00,26.7,81,0,0,79
2025-01-25T22:00,26.2,83,0,0,85
2025-01-25T23:00,25.8,85,0,0,79
2025-01-26T00:00,25.3,87,0,0,48
2025-01-26T01:00,25,86,0,0,82
2025-01-26T02:00,24.7,89,0,0,100
2025-01-26T03:00,24.5,89,0,0,87
2025-01-26T04:00,24.2,89,0,0,36
2025-01-26T05:00,23.9,89,0,0,47
2025-01-26T06:00,23.7,90,0,0,38
2025-01-26T07:00,23.9,90,0,0,38
2025-01-26T08:00,25.4,85,0,0,38
2025-01-26T09:00,27.2,78,0,0,43
2025-01-26T10:00,28.8,71,0,0,46
2025-01-26T11:00,30.5,62,0,0,76
2025-01-26T12:00,31.4,58,10,0,59
2025-01-26T13:00,31.8,57,8,0,55
2025-01-26T14:00,31.9,55,8,0,68
2025-01-26T15:00,31.8,55,13,0,58
2025-01-26T16:00,31.4,55,3,0,70
2025-01-26T17:00,30.9,56,3,0,64
2025-01-26T18:00,29.4,66,3,0,61
2025-01-26T19:00,29.3,64,3,0,46
2025-01-26T20:00,28.5,67,0,0,65
2025-01-26T21:00,27.9,68,0,0,74
2025-01-26T22:00,27,69,0,0,64
2025-01-26T23:00,26.4,67,0,0,73
2025-01-27T00:00,25.7,69,0,0,98
2025-01-27T01:00,24.9,79,0,0,100
2025-01-27T02:00,24.2,71,8,0,81
2025-01-27T03:00,23.4,71,5,0,84
2025-01-27T04:00,22.7,71,0,0,94
2025-01-27T05:00,22.3,69,0,0,100
2025-01-27T06:00,21.8,69,0,0,88
2025-01-27T07:00,21.6,71,0,0,48
2025-01-27T08:00,22.9,69,0,0,15
2025-01-27T09:00,24.5,62,0,0,3
2025-01-27T10:00,26.4,56,0,0,12
2025-01-27T11:00,28,51,0,0,5
2025-01-27T12:00,29.4,46,0,0,0
2025-01-27T13:00,30.1,45,0,0,23
2025-01-27T14:00,30.7,44,0,0,6
2025-01-27T15:00,30.8,42,0,0,23
2025-01-27T16:00,30.5,42,0,0,0
2025-01-27T17:00,29.8,44,0,0,0
2025-01-27T18:00,28.1,50,0,0,0
2025-01-27T19:00,26.6,56,0,0,0
2025-01-27T20:00,25.6,59,0,0,3
2025-01-27T21:00,24.9,62,0,0,0
2025-01-27T22:00,24.3,64,0,0,0
2025-01-27T23:00,23.7,66,0,0,10
2025-01-28T00:00,23,69,0,0,26
2025-01-28T01:00,22.3,74,0,0,53
2025-01-28T02:00,21.9,75,0,0,73
2025-01-28T03:00,21.8,75,0,0,95
2025-01-28T04:00,21.6,73,0,0,96
2025-01-28T05:00,21.2,73,0,0,81
2025-01-28T06:00,20.7,74,0,0,66
2025-01-28T07:00,20.5,75,0,0,44
2025-01-28T08:00,21.9,69,0,0,30
2025-01-28T09:00,23.3,62,0,0,12
2025-01-28T10:00,24.9,57,0,0,0
2025-01-28T11:00,26.7,52,0,0,0
2025-01-28T12:00,28.4,46,0,0,0
2025-01-28T13:00,29,45,0,0,0
2025-01-28T14:00,29.7,41,0,0,0
2025-01-28T15:00,29.8,42,0,0,0
2025-01-28T16:00,29.5,42,0,0,2
2025-01-28T17:00,28.7,43,0,0,0
2025-01-28T18:00,26.8,52,0,0,100
2025-01-28T19:00,25.8,54,0,0,100
2025-01-28T20:00,24.7,59,0,0,100
2025-01-28T21:00,23.9,62,0,0,100
2025-01-28T22:00,23.2,63,0,0,100
2025-01-28T23:00,22.7,64,0,0,35
2025-01-29T00:00,22.2,66,0,0,94
2025-01-29T01:00,21.6,71,0,0,6
2025-01-29T02:00,21.2,70,0,0,9
2025-01-29T03:00,20.6,72,0,0,11
2025-01-29T04:00,20.1,72,0,0,100
2025-01-29T05:00,19.7,74,0,0,0
2025-01-29T06:00,19.3,75,0,0,15
2025-01-29T07:00,19,78,0,0,0
2025-01-29T08:00,20.8,73,0,0,0
2025-01-29T09:00,22.8,64,0,0,0
2025-01-29T10:00,24.9,57,0,0,0
2025-01-29T11:00,26.9,50,0,0,0
2025-01-29T12:00,28.6,44,0,0,0
2025-01-29T13:00,29.4,41,0,0,3
2025-01-29T14:00,30,39,0,0,10
2025-01-29T15:00,30,38,0,0,70
2025-01-29T16:00,29.5,39,0,0,100
2025-01-29T17:00,28.7,40,0,0,100
2025-01-29T18:00,26.6,49,0,0,100
2025-01-29T19:00,25.5,52,0,0,100
2025-01-29T20:00,24.2,56,0,0,100
2025-01-29T21:00,23.4,60,0,0,98
2025-01-29T22:00,22.7,63,0,0,100
2025-01-29T23:00,22,65,0,0,100
2025-01-30T00:00,21.4,68,0,0,100
2025-01-30T01:00,20.7,74,0,0,100
2025-01-30T02:00,20.5,77,0,0,100
2025-01-30T03:00,20.4,77,0,0,100
2025-01-30T04:00,20.1,77,0,0,68
2025-01-30T05:00,19.6,79,0,0,100
2025-01-30T06:00,19.1,81,0,0,15
2025-01-30T07:00,18.9,82,0,0,0
2025-01-30T08:00,20.7,77,0,0,5
2025-01-30T09:00,22.8,68,0,0,0
2025-01-30T10:00,24.7,62,0,0,0
2025-01-30T11:00,26.5,56,0,0,0
2025-01-30T12:00,28.2,50,0,0,2
2025-01-30T13:00,29.4,45,0,0,2
2025-01-30T14:00,30,41,0,0,29
2025-01-30T15:00,30.1,40,0,0,31
2025-01-30T16:00,29.8,40,0,0,37
2025-01-30T17:00,29.1,40,0,0,74
2025-01-30T18:00,27.2,49,0,0,21
2025-01-30T19:00,26.7,50,0,0,100
2025-01-30T20:00,25.9,53,0,0,99
2025-01-30T21:00,25.2,54,0,0,74
2025-01-30T22:00,24.5,55,0,0,65
2025-01-30T23:00,23.5,58,0,0,59
2025-01-31T00:00,22.6,62,0,0,100
2025-01-31T01:00,20.7,73,0,0,58
2025-01-31T02:00,20,75,0,0,26
2025-01-31T03:00,19.4,78,0,0,40
2025-01-31T04:00,18.9,80,0,0,92
2025-01-31T05:00,18.5,82,0,0,100
2025-01-31T06:00,18.5,82,0,0,100
2025-01-31T07:00,19,82,0,0,91
2025-01-31T08:00,21.4,79,0,0,34
2025-01-31T09:00,24.5,65,0,0,3
2025-01-31T10:00,26.7,58,0,0,0
2025-01-31T11:00,29,50,0,0,0
2025-01-31T12:00,30.3,42,0,0,4
2025-01-31T13:00,31.1,39,0,0,29
2025-01-31T14:00,31.5,38,0,0,23
2025-01-31T15:00,31.5,37,0,0,11
2025-01-31T16:00,31,37,0,0,63
2025-01-31T17:00,30.1,39,0,0,100
2025-01-31T18:00,27.8,53,0,0,100
2025-01-31T19:00,26.8,57,0,0,100
2025-01-31T20:00,25.7,58,0,0,100
2025-01-31T21:00,24.7,60,0,0,83
2025-01-31T22:00,23.8,61,0,0,0
2025-01-31T23:00,23.1,61,0,0,0
2025-02-01T00:00,22.4,63,0,0,3
2025-02-01T01:00,21,73,0,0,91
2025-02-01T02:00,20.5,75,0,0,100
2025-02-01T03:00,20,77,0,0,100
2025-02-01T04:00,19.7,76,0,0,100
2025-02-01T05:00,19.4,76,0,0,100
2025-02-01T06:00,19.2,77,0,0,100
2025-02-01T07:00,18.9,82,0,0,76
2025-02-01T08:00,21.2,81,0,0,79
2025-02-01T09:00,24.2,69,0,0,34
2025-02-01T10:00,27.1,62,0,0,12
2025-02-01T11:00,29.2,52,0,0,0
2025-02-01T12:00,30.7,48,0,0,0
2025-02-01T13:00,31.7,44,0,0,38
2025-02-01T14:00,32.3,42,0,0,27
2025-02-01T15:00,32.4,40,0,0,71
2025-02-01T16:00,31.9,41,0,0,100
2025-02-01T17:00,31.1,42,0,0,32
2025-02-01T18:00,29.3,58,0,0,100
2025-02-01T19:00,28.4,55,0,0,100
2025-02-01T20:00,27.2,57,0,0,100
2025-02-01T21:00,26.3,57,0,0,100
2025-02-01T22:00,25.4,59,0,0,100
2025-02-01T23:00,25,58,0,0,100
2025-02-02T00:00,22.8,67,0,0,90
2025-02-02T01:00,22.3,74,0,0,100
2025-02-02T02:00,22,79,0,0,97
2025-02-02T03:00,21.8,78,0,0,67
2025-02-02T04:00,21.5,78,0,0,76
2025-02-02T05:00,21,83,0,0,100
2025-02-02T06:00,20.5,90,0,0,100
2025-02-02T07:00,20.8,91,0,0,100
2025-02-02T08:00,22.9,86,0,0,96
2025-02-02T09:00,25.6,77,0,0,62
2025-02-02T10:00,27.9,68,0,0,41
2025-02-02T11:00,30,58,0,0,26
2025-02-02T12:00,31.7,51,0,0,5
2025-02-02T13:00,32.2,50,0,0,100
2025-02-02T14:00,32.8,47,0,0,100
2025-02-02T15:00,33,44,0,0,100
2025-02-02T16:00,32.9,43,0,0,41
2025-02-02T17:00,32.2,43,0,0,0
2025-02-02T18:00,30,54,0,0,0
2025-02-02T19:00,28.1,63,0,0,0
2025-02-02T20:00,26.8,68,0,0,0
2025-02-02T21:00,25.8,72,0,0,0
2025-02-02T22:00,24.8,77,0,0,0
2025-02-02T23:00,24.3,83,0,0,0
2025-02-03T00:00,23.9,87,0,0,0
2025-02-03T01:00,23.7,87,0,0,0
2025-02-03T02:00,23.4,87,0,0,0
2025-02-03T03:00,22.9,91,0,0,0
2025-02-03T04:00,22.6,94,0,0,14
2025-02-03T05:00,22.5,95,0,0,20
2025-02-03T06:00,22.3,96,0,0,9
2025-02-03T07:00,22.5,95,0,0,20
2025-02-03T08:00,24.2,90,0,0,29
2025-02-03T09:00,26.3,81,0,0,43
2025-02-03T10:00,28.3,71,0,0,40
2025-02-03T11:00,29.8,64,0,0,32
2025-02-03T12:00,31.1,57,0,0,37
2025-02-03T13:00,31.8,55,0,0,41
2025-02-03T14:00,32.4,52,0,0,41
2025-02-03T15:00,32.5,51,0,0,41
2025-02-03T16:00,32,52,0,0,36
2025-02-03T17:00,31.4,52,0,0,43
2025-02-03T18:00,29.7,61,0,0,26
2025-02-03T19:00,29,65,0,0,23
2025-02-03T20:00,28.4,67,0,0,0
2025-02-03T21:00,27.7,68,0,0,38
2025-02-03T22:00,26.6,71,0,0,45
2025-02-03T23:00,25.9,75,0,0,58
2025-02-04T00:00,25.4,77,0,0,50
2025-02-04T01:00,25,78,0,0,69
2025-02-04T02:00,24.5,82,15,0,81
2025-02-04T03:00,24.5,83,20,0,75
2025-02-04T04:00,24.3,85,5,0,44
2025-02-04T05:00,23.8,87,3,0,71
2025-02-04T06:00,23.6,88,3,0,77
2025-02-04T07:00,23.7,89,0,0,79
2025-02-04T08:00,25,86,5,0,75
2025-02-04T09:00,26,73,0,0,78
2025-02-04T10:00,27.6,57,0,0,56
2025-02-04T11:00,29.6,47,0,0,16
2025-02-04T12:00,30.6,43,0,0,43
2025-02-04T13:00,31.1,45,0,0,49
2025-02-04T14:00,31.5,47,0,0,37
2025-02-04T15:00,31.8,43,0,0,93
2025-02-04T16:00,31.9,40,0,0,94
2025-02-04T17:00,31.4,40,0,0,49
2025-02-04T18:00,29.5,48,0,0,56
2025-02-04T19:00,27.9,56,0,0,53
2025-02-04T20:00,26.7,61,0,0,39
2025-02-04T21:00,26,65,0,0,37
2025-02-04T22:00,25.4,67,0,0,84
2025-02-04T23:00,25.1,69,0,0,100
2025-02-05T00:00,24.7,70,0,0,100
2025-02-05T01:00,24.2,69,0,0,31
2025-02-05T02:00,23.3,72,0,0,0
2025-02-05T03:00,22.5,76,0,0,0
2025-02-05T04:00,21.8,79,0,0,0
2025-02-05T05:00,21.3,81,0,0,4
2025-02-05T06:00,20.7,83,0,0,18
2025-02-05T07:00,20.7,84,0,0,9
2025-02-05T08:00,22.4,78,0,0,9
2025-02-05T09:00,24.1,69,0,0,0
2025-02-05T10:00,26,63,0,0,0
2025-02-05T11:00,27.8,57,0,0,0
2025-02-05T12:00,29.5,51,0,0,8
2025-02-05T13:00,30.6,49,0,0,12
2025-02-05T14:00,31.3,45,0,0,37
2025-02-05T15:00,31.5,44,0,0,51
2025-02-05T16:00,31.3,44,0,0,87
2025-02-05T17:00,30.7,44,0,0,15
2025-02-05T18:00,29,53,0,0,0
2025-02-05T19:00,28.3,55,0,0,8
2025-02-05T20:00,27.7,56,0,0,2
2025-02-05T21:00,26.7,59,0,0,21
2025-02-05T22:00,26,61,0,0,34
2025-02-05T23:00,25.2,62,0,0,73
2025-02-06T00:00,24.3,66,0,0,60
2025-02-06T01:00,23.4,71,0,0,81
2025-02-06T02:00,22.8,73,0,0,80
2025-02-06T03:00,22.4,75,0,0,57
2025-02-06T04:00,21.8,77,0,0,31
2025-02-06T05:00,21,84,0,0,0
2025-02-06T06:00,21.1,84,0,0,0
2025-02-06T07:00,21,84,0,0,0
2025-02-06T08:00,22.5,83,0,0,0
2025-02-06T09:00,24.8,76,0,0,0
2025-02-06T10:00,27,69,0,0,98
2025-02-06T11:00,29,60,0,0,5
2025-02-06T12:00,30.6,53,0,0,29
2025-02-06T13:00,31.6,49,0,0,67
2025-02-06T14:00,32.2,45,0,0,42
2025-02-06T15:00,32.4,43,0,0,43
2025-02-06T16:00,32,43,0,0,32
2025-02-06T17:00,31.5,43,0,0,25
2025-02-06T18:00,29.8,51,0,0,3
2025-02-06T19:00,28.5,52,0,0,14
2025-02-06T20:00,27.8,56,0,0,0
2025-02-06T21:00,27.5,54,0,0,0
2025-02-06T22:00,26.6,55,0,0,100
2025-02-06T23:00,25.4,60,0,0,100
2025-02-07T00:00,24.9,60,0,0,100
2025-02-07T01:00,24.3,65,0,0,100
2025-02-07T02:00,23.2,70,0,0,100
2025-02-07T03:00,22.4,74,0,0,100
2025-02-07T04:00,21.8,81,0,0,100
2025-02-07T05:00,21.7,89,0,0,100
2025-02-07T06:00,21.4,92,0,0,100
2025-02-07T07:00,21.5,92,0,0,98
2025-02-07T08:00,23.1,87,0,0,100
2025-02-07T09:00,25.2,81,0,0,100
2025-02-07T10:00,27.2,75,0,0,100
2025-02-07T11:00,29,65,0,0,74
2025-02-07T12:00,30.5,58,0,0,49
2025-02-07T13:00,31.5,52,0,0,65
2025-02-07T14:00,31.8,48,0,0,100
2025-02-07T15:00,31.6,46,0,0,100
2025-02-07T16:00,31.3,46,0,0,100
2025-02-07T17:00,31.1,46,0,0,15
2025-02-07T18:00,29.2,55,0,0,25
2025-02-07T19:00,28.8,54,0,0,0
2025-02-07T20:00,28.4,56,0,0,8
2025-02-07T21:00,27.3,58,0,0,56
2025-02-07T22:00,26.2,60,0,0,100
2025-02-07T23:00,25.6,64,0,0,75
2025-02-08T00:00,25.1,65,0,0,62
2025-02-08T01:00,24.1,68,0,0,91
2025-02-08T02:00,23.8,67,0,0,87
2025-02-08T03:00,23.4,66,0,0,100
2025-02-08T04:00,22.9,67,0,0,100
2025-02-08T05:00,22.2,69,0,0,100
2025-02-08T06:00,21.7,72,0,0,100
2025-02-08T07:00,21.6,74,0,0,76
2025-02-08T08:00,23.2,71,0,0,43
2025-02-08T09:00,25.2,64,0,0,80
2025-02-08T10:00,27.3,57,0,0,89
2025-02-08T11:00,29.4,49,0,0,87
2025-02-08T12:00,31,44,0,0,82
2025-02-08T13:00,31.8,41,0,0,41
2025-02-08T14:00,32.7,37,0,0,6
2025-02-08T15:00,32.9,35,0,0,31
2025-02-08T16:00,32.7,34,0,0,28
2025-02-08T17:00,31.8,36,0,0,30
2025-02-08T18:00,30.2,40,0,0,10
2025-02-08T19:00,28.5,47,0,0,35
2025-02-08T20:00,27.3,51,0,0,70
2025-02-08T21:00,26.5,54,0,0,92
2025-02-08T22:00,26.1,56,0,0,97
2025-02-08T23:00,26,52,0,0,100
2025-02-09T00:00,25.3,53,0,0,89
2025-02-09T01:00,24.5,55,0,0,100
2025-02-09T02:00,23.6,58,0,0,97
2025-02-09T03:00,22.8,62,0,0,85
2025-02-09T04:00,22.1,65,0,0,100
2025-02-09T05:00,22,66,0,0,100
2025-02-09T06:00,21.9,66,0,0,100
2025-02-09T07:00,21.8,68,0,0,79
2025-02-09T08:00,23.1,63,0,0,100
2025-02-09T09:00,24.7,58,0,0,100
2025-02-09T10:00,26.5,52,0,0,97
2025-02-09T11:00,28.3,46,0,0,100
2025-02-09T12:00,29.9,41,0,0,75
2025-02-09T13:00,30.9,39,0,0,7
2025-02-09T14:00,31.5,37,0,0,3
2025-02-09T15:00,31.8,35,0,0,24
2025-02-09T16:00,31.5,35,0,0,20
2025-02-09T17:00,30.8,35,0,0,26
2025-02-09T18:00,29.3,39,0,0,22
2025-02-09T19:00,27.6,46,0,0,7
2025-02-09T20:00,26.3,51,0,0,0
2025-02-09T21:00,25.5,54,0,0,29
2025-02-09T22:00,24.9,56,0,0,47
2025-02-09T23:00,24.7,57,0,0,83
2025-02-10T00:00,24.2,58,0,0,69
2025-02-10T01:00,23.9,57,0,0,86
2025-02-10T02:00,23,60,0,0,41
2025-02-10T03:00,22,64,0,0,93
2025-02-10T04:00,21.2,68,0,0,56
2025-02-10T05:00,20.5,71,0,0,61
2025-02-10T06:00,20.1,72,0,0,27
2025-02-10T07:00,20.1,74,0,0,14
2025-02-10T08:00,21.8,69,0,0,14
2025-02-10T09:00,23.8,61,0,0,11
2025-02-10T10:00,25.9,55,0,0,9
2025-02-10T11:00,28,50,0,0,46
2025-02-10T12:00,29.8,45,0,0,23
2025-02-10T13:00,30.9,44,0,0,56
2025-02-10T14:00,31.7,41,0,0,70
2025-02-10T15:00,32,39,0,0,46
2025-02-10T16:00,31.7,39,0,0,83
2025-02-10T17:00,31,39,0,0,57
2025-02-10T18:00,29.5,43,0,0,53
2025-02-10T19:00,28,50,0,0,42
2025-02-10T20:00,26.8,55,0,0,56
2025-02-10T21:00,26,59,0,0,61
2025-02-10T22:00,25.4,62,0,0,55
2025-02-10T23:00,25,64,0,0,100
2025-02-11T00:00,24.7,66,0,0,100
2025-02-11T01:00,24,72,0,0,100
2025-02-11T02:00,23.7,73,0,0,100
2025-02-11T03:00,23.4,74,0,0,100
2025-02-11T04:00,23.1,75,0,0,100
2025-02-11T05:00,22.8,77,0,0,100
2025-02-11T06:00,22.4,78,0,0,100
2025-02-11T07:00,22.3,81,0,0,100
2025-02-11T08:00,23.9,76,0,0,18
2025-02-11T09:00,25.9,66,0,0,13
2025-02-11T10:00,27.7,60,0,0,9
2025-02-11T11:00,29.3,56,0,0,100
2025-02-11T12:00,30.9,50,0,0,82
2025-02-11T13:00,31.8,46,0,0,99
2025-02-11T14:00,32.4,43,0,0,98
2025-02-11T15:00,32.4,43,0,0,95
2025-02-11T16:00,32.1,43,0,0,100
2025-02-11T17:00,31.5,45,0,0,100
2025-02-11T18:00,30,51,0,0,100
2025-02-11T19:00,29.3,56,0,0,100
2025-02-11T20:00,28.6,59,0,0,100
2025-02-11T21:00,27.9,62,0,0,100
2025-02-11T22:00,27.4,65,0,0,100
2025-02-11T23:00,27.2,67,0,0,100
2025-02-12T00:00,27.1,67,0,0,100
2025-02-12T01:00,27.3,66,3,0,100
2025-02-12T02:00,27.1,66,0,0,100
2025-02-12T03:00,26.4,69,0,0,100
2025-02-12T04:00,25.8,73,0,0,100
2025-02-12T05:00,25.3,76,0,0,100
2025-02-12T06:00,24.9,78,0,0,100
2025-02-12T07:00,24.9,81,0,0,92
2025-02-12T08:00,26.4,76,0,0,61
2025-02-12T09:00,28.3,69,0,0,40
2025-02-12T10:00,30.2,62,0,0,15
2025-02-12T11:00,31.8,54,0,0,52
2025-02-12T12:00,32.9,48,0,0,60
2025-02-12T13:00,33.7,46,0,0,70
2025-02-12T14:00,34.2,43,0,0,63
2025-02-12T15:00,34.4,42,0,0,29
2025-02-12T16:00,34.2,42,0,0,55
2025-02-12T17:00,33.6,43,0,0,43
2025-02-12T18:00,32.3,50,0,0,90
2025-02-12T19:00,31.1,54,0,0,13
2025-02-12T20:00,29.5,57,0,0,90
2025-02-12T21:00,28.5,70,0,0,63
2025-02-12T22:00,27.9,75,0,0,31
2025-02-12T23:00,27.1,78,0,0,42
2025-02-13T00:00,26.5,81,0,0,37
2025-02-13T01:00,26.2,82,0,0,44
2025-02-13T02:00,25.9,83,0,0,66
2025-02-13T03:00,25.7,84,0,0,45
2025-02-13T04:00,25.4,85,0,0,34
2025-02-13T05:00,25,86,0,0,23
2025-02-13T06:00,24.8,87,0,0,10
2025-02-13T07:00,24.8,85,0,0,7
2025-02-13T08:00,26.6,79,0,0,7
2025-02-13T09:00,28.8,69,0,0,4
2025-02-13T10:00,30.5,63,0,0,34
2025-02-13T11:00,32.2,56,3,0,34
2025-02-13T12:00,33.7,49,5,0,38
2025-02-13T13:00,34.3,48,0,0,51
2025-02-13T14:00,34.8,44,0,0,61
2025-02-13T15:00,34.9,43,0,0,63
2025-02-13T16:00,34.5,43,0,0,91
2025-02-13T17:00,32.9,48,0,0,100
2025-02-13T18:00,31.2,56,0,0,100
2025-02-13T19:00,30.2,62,0,0,45
2025-02-13T20:00,29,70,3,0,45
2025-02-13T21:00,28.4,73,0,0,49
2025-02-13T22:00,27.8,77,3,0,63
2025-02-13T23:00,27.2,81,3,0,44
2025-02-14T00:00,26.7,84,5,0,17
2025-02-14T01:00,26.4,85,0,0,17
2025-02-14T02:00,26,88,0,0,19
2025-02-14T03:00,25.6,89,0,0,0
2025-02-14T04:00,25.3,91,0,0,3
2025-02-14T05:00,25,92,0,0,19
2025-02-14T06:00,24.7,94,0,0,37
2025-02-14T07:00,24.8,92,0,0,0
2025-02-14T08:00,26.4,86,0,0,3
2025-02-14T09:00,28.4,76,10,0,55
2025-02-14T10:00,29.8,69,15,0,43
2025-02-14T11:00,31,63,15,0,67
2025-02-14T12:00,32.2,57,23,0,56
2025-02-14T13:00,33.2,55,8,0,51
2025-02-14T14:00,34,51,3,0,60
2025-02-14T15:00,34.2,48,0,0,72
2025-02-14T16:00,34.2,47,0,0,64
2025-02-14T17:00,33.6,48,0,0,51
2025-02-14T18:00,32.2,53,5,0,36
2025-02-14T19:00,29.9,66,3,0,73
2025-02-14T20:00,28.8,72,13,0,60
2025-02-14T21:00,27.7,76,3,0,78
2025-02-14T22:00,27.1,82,0,0,35
2025-02-14T23:00,26.7,83,0,0,0
2025-02-15T00:00,26.1,85,0,0,0
2025-02-15T01:00,25.7,84,0,0,0
2025-02-15T02:00,25.3,86,0,0,0
2025-02-15T03:00,25,87,0,0,0
2025-02-15T04:00,24.7,89,0,0,0
2025-02-15T05:00,24.2,91,0,0,0
2025-02-15T06:00,24,93,0,0,0
2025-02-15T07:00,24.1,94,0,0,0
2025-02-15T08:00,25.8,89,0,0,0
2025-02-15T09:00,27.9,79,0,0,37
2025-02-15T10:00,29.7,71,5,0,50
2025-02-15T11:00,31.2,62,5,0,48
2025-02-15T12:00,32.7,56,3,0,60
2025-02-15T13:00,33.4,54,3,0,52
2025-02-15T14:00,34.1,50,3,0,39
2025-02-15T15:00,34.4,47,0,0,40
2025-02-15T16:00,34.3,47,0,0,33
2025-02-15T17:00,33.7,47,0,0,30
2025-02-15T18:00,32.2,52,0,0,30
2025-02-15T19:00,30.8,60,0,0,37
2025-02-15T20:00,29.7,64,0,0,28
2025-02-15T21:00,28.9,68,0,0,30
2025-02-15T22:00,28.1,74,0,0,46
2025-02-15T23:00,27.5,80,0,0,25
2025-02-16T00:00,27,84,0,0,46
2025-02-16T01:00,26.7,85,0,0,54
2025-02-16T02:00,26.3,87,0,0,59
2025-02-16T03:00,25.8,86,0,0,61
2025-02-16T04:00,25.4,85,3,0,51
2025-02-16T05:00,25,87,0,0,51
2025-02-16T06:00,24.7,89,0,0,62
2025-02-16T07:00,25,90,0,0,76
2025-02-16T08:00,26.2,85,0,0,70
2025-02-16T09:00,28.1,75,0,0,62
2025-02-16T10:00,29.7,67,0,0,50
2025-02-16T11:00,30.9,61,3,0,77
2025-02-16T12:00,32.1,56,0,0,74
2025-02-16T13:00,33.3,53,0,0,41
2025-02-16T14:00,34.1,49,0,0,51
2025-02-16T15:00,34.5,47,3,0,49
2025-02-16T16:00,34.4,46,0,0,36
2025-02-16T17:00,34,45,0,0,62
2025-02-16T18:00,32.8,49,3,0,55
2025-02-16T19:00,31.3,56,3,0,58
2025-02-16T20:00,30,61,8,0,69
2025-02-16T21:00,29.3,65,13,0,74
2025-02-16T22:00,28.3,69,23,0,74
2025-02-16T23:00,27.4,76,20,0,60
2025-02-17T00:00,26.7,79,18,0,42
2025-02-17T01:00,26.3,84,5,0,41
2025-02-17T02:00,25.9,86,8,0,69
2025-02-17T03:00,25.6,86,5,0,13
2025-02-17T04:00,25.1,87,5,0,0
2025-02-17T05:00,24.8,87,3,0,5
2025-02-17T06:00,24.5,88,0,0,58
2025-02-17T07:00,24.7,88,0,0,63
2025-02-17T08:00,26,81,0,0,77
2025-02-17T09:00,27.4,74,0,0,74
2025-02-17T10:00,28.5,68,0,0,76
2025-02-17T11:00,29.7,63,0,0,100
2025-02-17T12:00,31.5,56,0,0,100
2025-02-17T13:00,32.7,52,0,0,45
2025-02-17T14:00,33.6,47,0,0,41
2025-02-17T15:00,33.9,45,0,0,38
2025-02-17T16:00,33.7,41,0,0,100
2025-02-17T17:00,33.2,42,0,0,100
2025-02-17T18:00,31.7,50,0,0,4
2025-02-17T19:00,30.2,56,0,0,95
2025-02-17T20:00,28.9,61,0,0,100
2025-02-17T21:00,28.2,63,0,0,14
2025-02-17T22:00,27.5,67,0,0,72
2025-02-17T23:00,27,71,0,0,44
2025-02-18T00:00,26.7,74,0,0,7
2025-02-18T01:00,26.5,72,0,0,12
2025-02-18T02:00,25.9,73,0,0,38
2025-02-18T03:00,25.3,76,0,0,41
2025-02-18T04:00,24.8,79,0,0,47
2025-02-18T05:00,24.4,82,0,0,32
2025-02-18T06:00,24.2,83,0,0,63
2025-02-18T07:00,24.2,85,0,0,71
2025-02-18T08:00,25.6,80,0,0,78
2025-02-18T09:00,27,74,0,0,78
2025-02-18T10:00,28.3,69,0,0,94
2025-02-18T11:00,29.7,64,3,0,100
2025-02-18T12:00,30.8,58,0,0,100
2025-02-18T13:00,32.3,53,0,0,56
2025-02-18T14:00,33,49,0,0,59
2025-02-18T15:00,33.2,48,0,0,64
2025-02-18T16:00,32.9,48,0,0,46
2025-02-18T17:00,32.5,49,0,0,43
2025-02-18T18:00,31.4,53,0,0,50
2025-02-18T19:00,30.8,54,0,0,42
2025-02-18T20:00,29.3,60,0,0,30
2025-02-18T21:00,28.4,64,0,0,33
2025-02-18T22:00,28,66,0,0,31
2025-02-18T23:00,27.2,70,0,0,0
2025-02-19T00:00,26.5,75,0,0,11
2025-02-19T01:00,26.3,76,0,0,24
2025-02-19T02:00,26,78,3,0,63
2025-02-19T03:00,25.6,81,5,0,70
2025-02-19T04:00,25.4,84,5,0,82
2025-02-19T05:00,25.3,86,0,0,91
2025-02-19T06:00,25.2,87,8,0,79
2025-02-19T07:00,25.2,87,5,0,82
2025-02-19T08:00,26.3,83,30,0,74
2025-02-19T09:00,27.2,78,25,0,73
2025-02-19T10:00,28.6,71,13,0,61
2025-02-19T11:00,30.1,64,10,0,45
2025-02-19T12:00,31.7,56,3,0,64
2025-02-19T13:00,31.6,57,0,0,69
2025-02-19T14:00,32.7,51,0,0,82
2025-02-19T15:00,33,48,0,0,69
2025-02-19T16:00,33,47,0,0,63
2025-02-19T17:00,32.7,46,0,0,56
2025-02-19T18:00,31.7,50,0,0,100
2025-02-19T19:00,30.7,54,3,0,100
2025-02-19T20:00,29.6,59,0,0,100
2025-02-19T21:00,29,63,3,0,69
2025-02-19T22:00,28.6,65,8,0,87
2025-02-19T23:00,27.6,68,0,0,69
2025-02-20T00:00,26.8,75,0,0,37
2025-02-20T01:00,26.4,77,0,0,80
2025-02-20T02:00,25.9,80,0,0,96
2025-02-20T03:00,25.4,82,0,0,100
2025-02-20T04:00,25,85,3,0,100
2025-02-20T05:00,24.8,86,5,0,100
2025-02-20T06:00,24.7,87,10,0,91
2025-02-20T07:00,24.6,89,5,0,100
2025-02-20T08:00,25.9,84,3,0,100
2025-02-20T09:00,27.5,75,0,0,74
2025-02-20T10:00,29.1,67,0,0,71
2025-02-20T11:00,30.8,59,0,0,60
2025-02-20T12:00,32.1,54,0,0,99
2025-02-20T13:00,32.8,51,0,0,80
2025-02-20T14:00,33.5,47,0,0,57
2025-02-20T15:00,33.7,45,0,0,48
2025-02-20T16:00,33.7,43,0,0,52
2025-02-20T17:00,33.4,42,0,0,43
2025-02-20T18:00,32.4,45,0,0,25
2025-02-20T19:00,31.3,54,0,0,68
2025-02-20T20:00,30.7,56,0,0,82
2025-02-20T21:00,30.3,57,0,0,94
2025-02-20T22:00,29.5,61,0,0,100
2025-02-20T23:00,28.9,63,0,0,100
2025-02-21T00:00,28,68,0,0,89
2025-02-21T01:00,27.8,72,3,0,76
2025-02-21T02:00,27.1,76,0,0,84
2025-02-21T03:00,26.4,79,0,0,65
2025-02-21T04:00,26.1,77,0,0,54
2025-02-21T05:00,25.6,77,0,0,48
2025-02-21T06:00,25.3,79,0,0,39
2025-02-21T07:00,25.2,82,0,0,32
2025-02-21T08:00,26.6,78,0,0,33
2025-02-21T09:00,28.3,72,0,0,55
2025-02-21T10:00,29.9,64,8,0,57
2025-02-21T11:00,31.1,58,0,0,62
2025-02-21T12:00,32.1,54,8,0,56
2025-02-21T13:00,32.4,52,10,0,68
2025-02-21T14:00,33.2,49,0,0,68
2025-02-21T15:00,33.5,48,8,0,71
2025-02-21T16:00,33.3,48,15,0,87
2025-02-21T17:00,32.8,50,18,0,83
2025-02-21T18:00,30,63,18,0,100
2025-02-21T19:00,28.3,79,23,0,100
2025-02-21T20:00,27.6,84,63,0,100
2025-02-21T21:00,27.2,87,68,0,100
2025-02-21T22:00,26.9,88,83,0,100
2025-02-21T23:00,26.4,91,85,0,100
2025-02-22T00:00,26,91,83,0,100
2025-02-22T01:00,25.9,93,78,0,100
2025-02-22T02:00,25.6,94,65,0,100
2025-02-22T03:00,25.4,93,60,0,89
2025-02-22T04:00,25.2,94,48,0,91
2025-02-22T05:00,25,93,38,0,78
2025-02-22T06:00,24.8,94,35,0,70
2025-02-22T07:00,24.9,94,3,0,74
2025-02-22T08:00,25.8,90,0,0,73
2025-02-22T09:00,26.6,82,0,0,75
2025-02-22T10:00,27.6,74,0,0,69
2025-02-22T11:00,28.8,70,0,0,49
2025-02-22T12:00,29.9,67,0,0,60
2025-02-22T13:00,30.7,64,0,0,63
2025-02-22T14:00,31.4,60,5,0,61
2025-02-22T15:00,31.9,55,5,0,84
2025-02-22T16:00,31.7,55,3,0,82
2025-02-22T17:00,31.5,56,3,0,45
2025-02-22T18:00,30.2,65,5,0,57
2025-02-22T19:00,29.6,66,3,0,100
2025-02-22T20:00,28.6,71,8,0,100
2025-02-22T21:00,27.9,76,13,0,92
2025-02-22T22:00,27.3,79,10,0,97
2025-02-22T23:00,26.8,81,20,0,100
2025-02-23T00:00,26.3,85,20,0,85
2025-02-23T01:00,26,89,10,0,58
2025-02-23T02:00,25.7,90,8,0,77
2025-02-23T03:00,25.5,92,5,0,79
2025-02-23T04:00,25.4,92,13,0,83
2025-02-23T05:00,25.4,91,5,0,100
2025-02-23T06:00,25.5,85,8,0,100
2025-02-23T07:00,25.4,86,10,0,100
2025-02-23T08:00,26,83,5,0,100
2025-02-23T09:00,26.9,78,5,0,100
2025-02-23T10:00,27.7,74,8,0,100
2025-02-23T11:00,28.5,72,13,0,100
2025-02-23T12:00,29.5,66,23,0,100
2025-02-23T13:00,30,70,35,0,100
2025-02-23T14:00,30.2,69,50,0,100
2025-02-23T15:00,29.7,72,58,0,100
2025-02-23T16:00,29.2,75,60,0,100
2025-02-23T17:00,28,81,60,0,100
2025-02-23T18:00,27.1,85,50,0,100
2025-02-23T19:00,27.3,87,38,0,100
2025-02-23T20:00,27.1,88,48,0,100
2025-02-23T21:00,26.8,90,55,0,100
2025-02-23T22:00,26.7,91,53,0,100
2025-02-23T23:00,26.5,92,33,0,100
2025-02-24T00:00,26.6,88,23,0,100
2025-02-24T01:00,26.2,82,28,0,100
2025-02-24T02:00,25.5,85,25,0,90
2025-02-24T03:00,25.1,87,25,0,85
2025-02-24T04:00,24.8,85,20,0,86
2025-02-24T05:00,24.5,86,20,0,90
2025-02-24T06:00,24.4,87,13,0,91
2025-02-24T07:00,24.5,90,8,0,87
2025-02-24T08:00,25.5,86,20,0,78
2025-02-24T09:00,26.7,80,13,0,75
2025-02-24T10:00,28,74,8,0,76
2025-02-24T11:00,29.2,68,3,0,72
2025-02-24T12:00,30.2,63,0,0,71
2025-02-24T13:00,31.5,59,8,0,69
2025-02-24T14:00,31.5,59,10,0,76
2025-02-24T15:00,31.5,59,23,0,72
2025-02-24T16:00,30.9,63,60,0,100
2025-02-24T17:00,28.5,78,50,0,100
2025-02-24T18:00,27.1,81,68,0,100
2025-02-24T19:00,27.1,81,60,0,100
2025-02-24T20:00,26.6,83,88,0,100
2025-02-24T21:00,26.4,84,75,0,100
2025-02-24T22:00,26.3,85,55,0,100
2025-02-24T23:00,26.1,82,35,0,100
2025-02-25T00:00,25.7,77,30,0,100
2025-02-25T01:00,25.5,77,8,0,75
2025-02-25T02:00,25,79,8,0,55
2025-02-25T03:00,24.5,79,5,0,39
2025-02-25T04:00,24.1,80,0,0,47
2025-02-25T05:00,23.8,81,0,0,32
2025-02-25T06:00,23.4,82,0,0,31
2025-02-25T07:00,23.4,83,0,0,34
2025-02-25T08:00,24.7,80,0,0,0
2025-02-25T09:00,26.3,73,0,0,28
2025-02-25T10:00,28,67,0,0,26
2025-02-25T11:00,29.6,62,0,0,23
2025-02-25T12:00,30.8,58,0,0,22
2025-02-25T13:00,31.5,54,0,0,67
2025-02-25T14:00,32,52,0,0,72
2025-02-25T15:00,32.3,50,0,0,80
2025-02-25T16:00,32.1,51,0,0,67
2025-02-25T17:00,31.6,54,0,0,52
2025-02-25T18:00,30.5,62,0,0,67
2025-02-25T19:00,29.8,63,0,0,76
2025-02-25T20:00,28.7,69,8,0,74
2025-02-25T21:00,28.4,70,10,0,75
2025-02-25T22:00,28,72,20,0,75
2025-02-25T23:00,27.4,74,18,0,71
2025-02-26T00:00,27.1,76,13,0,72
2025-02-26T01:00,27.3,73,3,0,88
2025-02-26T02:00,26.8,73,0,0,79
2025-02-26T03:00,26.1,72,3,0,76
2025-02-26T04:00,25.5,73,3,0,64
2025-02-26T05:00,25.1,74,0,0,64
2025-02-26T06:00,24.8,75,0,0,55
2025-02-26T07:00,24.7,76,0,0,55
2025-02-26T08:00,25.7,72,0,0,58
2025-02-26T09:00,27.1,64,0,0,49
2025-02-26T10:00,28.5,60,0,0,49
2025-02-26T11:00,30,56,0,0,46
2025-02-26T12:00,31.3,52,0,0,79
2025-02-26T13:00,30.8,54,0,0,70
2025-02-26T14:00,31.2,53,0,0,85
2025-02-26T15:00,31.1,53,0,0,100
2025-02-26T16:00,31,53,0,0,100
2025-02-26T17:00,30.6,54,3,0,59
2025-02-26T18:00,29.5,61,0,0,65
2025-02-26T19:00,28.8,66,0,0,73
2025-02-26T20:00,28.4,67,0,0,75
2025-02-26T21:00,28,69,0,0,41
2025-02-26T22:00,27.4,72,0,0,42
2025-02-26T23:00,27.1,72,0,0,48
2025-02-27T00:00,26.4,74,0,0,29
2025-02-27T01:00,25.7,81,0,0,21
2025-02-27T02:00,25.7,80,0,0,9
2025-02-27T03:00,25.6,78,0,0,40
2025-02-27T04:00,25.1,77,0,0,61
2025-02-27T05:00,24.6,78,0,0,51
2025-02-27T06:00,24.2,79,0,0,19
2025-02-27T07:00,24.2,80,0,0,16
2025-02-27T08:00,25.4,76,0,0,0
2025-02-27T09:00,26.8,70,0,0,12
2025-02-27T10:00,28.3,66,0,0,33
2025-02-27T11:00,29.7,60,0,0,24
2025-02-27T12:00,31.1,57,0,0,18
2025-02-27T13:00,31.7,56,0,0,36
2025-02-27T14:00,32.5,53,0,0,45
2025-02-27T15:00,32.7,51,0,0,42
2025-02-27T16:00,32.8,50,0,0,35
2025-02-27T17:00,32.5,50,0,0,12
2025-02-27T18:00,31.4,58,0,0,0
2025-02-27T19:00,30.2,63,0,0,12
2025-02-27T20:00,28.8,68,0,0,31
2025-02-27T21:00,27.9,74,0,0,31
2025-02-27T22:00,27.4,77,0,0,19
2025-02-27T23:00,27,80,0,0,11
2025-02-28T00:00,26.8,81,0,0,35
2025-02-28T01:00,26.3,82,3,0,6
2025-02-28T02:00,25.8,81,3,0,29
2025-02-28T03:00,25.3,82,0,0,38
2025-02-28T04:00,25,82,0,0,33
2025-02-28T05:00,24.6,83,0,0,21
2025-02-28T06:00,24.3,84,0,0,15
2025-02-28T07:00,24.2,84,0,0,0
2025-02-28T08:00,25.7,79,0,0,0
2025-02-28T09:00,27.4,71,0,0,0
2025-02-28T10:00,28.8,66,0,0,6
2025-02-28T11:00,30.2,63,0,0,11
2025-02-28T12:00,31.6,58,0,0,32
2025-02-28T13:00,31.9,57,0,0,48
2025-02-28T14:00,32.5,55,0,0,46
2025-02-28T15:00,32.8,53,0,0,37
2025-02-28T16:00,32.9,54,0,0,34
2025-02-28T17:00,32.6,53,0,0,35
2025-02-28T18:00,31.7,61,0,0,26
2025-02-28T19:00,30.8,61,0,0,25
2025-02-28T20:00,29.5,67,0,0,11
2025-02-28T21:00,28.7,69,0,0,0
2025-02-28T22:00,28,72,0,0,0
2025-02-28T23:00,27.3,75,0,0,0
2025-03-01T00:00,26.9,76,0,0,23
2025-03-01T01:00,26.5,79,0,0,27
2025-03-01T02:00,25.9,73,0,0,0
2025-03-01T03:00,25.2,74,0,0,0
2025-03-01T04:00,24.6,77,0,0,3
2025-03-01T05:00,24.2,79,0,0,5
2025-03-01T06:00,23.8,81,0,0,0
2025-03-01T07:00,23.8,82,0,0,0
2025-03-01T08:00,25.3,77,0,0,3
2025-03-01T09:00,27.2,70,0,0,5
2025-03-01T10:00,28.8,65,0,0,8
2025-03-01T11:00,30.4,61,0,0,2
2025-03-01T12:00,31.7,55,0,0,0
2025-03-01T13:00,31.7,60,0,0,39
2025-03-01T14:00,32.5,55,0,0,32
2025-03-01T15:00,32.9,53,0,0,49
2025-03-01T16:00,32.7,53,0,0,80
2025-03-01T17:00,32.2,54,0,0,80
2025-03-01T18:00,30.9,62,0,0,80
2025-03-01T19:00,29.9,63,0,0,69
2025-03-01T20:00,28.9,67,0,0,61
2025-03-01T21:00,28.2,70,0,0,42
2025-03-01T22:00,27.6,73,0,0,39
2025-03-01T23:00,27,76,0,0,34
2025-03-02T00:00,26.4,79,0,0,20
2025-03-02T01:00,26,82,0,0,29
2025-03-02T02:00,25.6,85,0,0,33
2025-03-02T03:00,25.3,88,0,0,33
2025-03-02T04:00,25,91,0,0,34
2025-03-02T05:00,24.9,92,0,0,46
2025-03-02T06:00,24.9,88,0,0,65
2025-03-02T07:00,25,84,0,0,84
2025-03-02T08:00,25.6,81,0,0,77
2025-03-02T09:00,26.8,77,0,0,83
2025-03-02T10:00,28,72,0,0,86
2025-03-02T11:00,29.4,67,0,0,84
2025-03-02T12:00,30.4,63,0,0,78
2025-03-02T13:00,30.9,63,0,0,66
2025-03-02T14:00,32,58,0,0,53
2025-03-02T15:00,32.3,56,0,0,62
2025-03-02T16:00,32.3,55,0,0,47
2025-03-02T17:00,31.8,55,0,0,50
2025-03-02T18:00,30.3,62,0,0,43
2025-03-02T19:00,28.9,68,0,0,44
2025-03-02T20:00,27.8,72,0,0,0
2025-03-02T21:00,27,75,0,0,0
2025-03-02T22:00,26.5,78,0,0,0
2025-03-02T23:00,26.1,80,0,0,0
2025-03-03T00:00,25.8,81,0,0,0
2025-03-03T01:00,25.4,84,0,0,0
2025-03-03T02:00,25,85,0,0,0
2025-03-03T03:00,24.6,86,0,0,0
2025-03-03T04:00,24.2,87,0,0,0
2025-03-03T05:00,23.8,88,0,0,15
2025-03-03T06:00,23.6,89,0,0,21
2025-03-03T07:00,23.8,91,0,0,21
2025-03-03T08:00,25.5,84,0,0,15
2025-03-03T09:00,27.5,76,0,0,8
2025-03-03T10:00,29.4,67,0,0,2
2025-03-03T11:00,30.9,58,0,0,7
2025-03-03T12:00,32.2,53,0,0,17
2025-03-03T13:00,32.8,54,0,0,34
2025-03-03T14:00,33.4,51,0,0,38
2025-03-03T15:00,33.6,49,0,0,56
2025-03-03T16:00,33.3,49,0,0,61
2025-03-03T17:00,32.7,50,0,0,65
2025-03-03T18:00,30.9,59,0,0,34
2025-03-03T19:00,29.3,65,0,0,20
2025-03-03T20:00,28.3,69,0,0,16
2025-03-03T21:00,27.5,73,0,0,22
2025-03-03T22:00,26.8,77,0,0,18
2025-03-03T23:00,26.2,80,0,0,8
2025-03-04T00:00,25.9,82,0,0,10
2025-03-04T01:00,25.7,82,0,0,47
2025-03-04T02:00,25.2,83,0,0,52
2025-03-04T03:00,24.9,86,0,0,60
2025-03-04T04:00,24.7,91,0,0,63
2025-03-04T05:00,24.7,93,0,0,56
2025-03-04T06:00,24.7,94,0,0,49
2025-03-04T07:00,25.1,94,0,0,64
2025-03-04T08:00,26.8,88,0,0,44
2025-03-04T09:00,28.5,80,0,0,67
2025-03-04T10:00,29.9,71,5,0,69
2025-03-04T11:00,31,66,10,0,68
2025-03-04T12:00,31.8,62,8,0,69
2025-03-04T13:00,31.9,63,5,0,58
2025-03-04T14:00,32.7,59,3,0,69
2025-03-04T15:00,33,57,3,0,34
2025-03-04T16:00,32.8,57,0,0,34
2025-03-04T17:00,32.4,57,0,0,4
2025-03-04T18:00,31,63,0,0,0
2025-03-04T19:00,30.3,63,0,0,0
2025-03-04T20:00,29.3,66,0,0,1
2025-03-04T21:00,28.5,68,0,0,6
2025-03-04T22:00,27.8,71,0,0,16
2025-03-04T23:00,27.1,75,0,0,22
2025-03-05T00:00,26.7,79,0,0,19
2025-03-05T01:00,26.3,80,0,0,24
2025-03-05T02:00,26,82,0,0,26
2025-03-05T03:00,25.5,85,0,0,27
2025-03-05T04:00,25.2,86,0,0,28
2025-03-05T05:00,24.9,87,0,0,23
2025-03-05T06:00,24.7,89,0,0,23
2025-03-05T07:00,25,92,0,0,18
2025-03-05T08:00,26.7,87,0,0,19
2025-03-05T09:00,28.8,80,0,0,62
2025-03-05T10:00,30.6,70,0,0,47
2025-03-05T11:00,32.1,61,0,0,56
2025-03-05T12:00,33.4,55,0,0,51
2025-03-05T13:00,34.4,53,0,0,47
2025-03-05T14:00,35.3,49,0,0,46
2025-03-05T15:00,35.6,47,0,0,43
2025-03-05T16:00,35.6,45,0,0,55
2025-03-05T17:00,35.1,45,0,0,35
2025-03-05T18:00,33.3,52,0,0,46
2025-03-05T19:00,31.4,58,0,0,27
2025-03-05T20:00,30.3,63,0,0,0
2025-03-05T21:00,29.4,68,0,0,0
2025-03-05T22:00,28.6,73,0,0,0
2025-03-05T23:00,28,78,0,0,1
2025-03-06T00:00,27.5,82,0,0,4
2025-03-06T01:00,27.2,83,0,0,0
2025-03-06T02:00,26.8,85,0,0,49
2025-03-06T03:00,26.8,86,0,0,66
2025-03-06T04:00,26.8,88,0,0,73
2025-03-06T05:00,26.7,90,0,0,78
2025-03-06T06:00,26.7,90,3,0,76
2025-03-06T07:00,26.7,91,3,0,78
2025-03-06T08:00,27.6,85,10,0,57
2025-03-06T09:00,28.9,78,8,0,74
2025-03-06T10:00,30.6,66,3,0,70
2025-03-06T11:00,32,57,3,0,57
2025-03-06T12:00,33.2,51,0,0,94
2025-03-06T13:00,33.2,54,8,0,78
2025-03-06T14:00,33.7,52,3,0,79
2025-03-06T15:00,33.7,52,0,0,57
2025-03-06T16:00,33.9,50,0,0,54
2025-03-06T17:00,33.3,51,0,0,54
2025-03-06T18:00,32.1,56,0,0,68
2025-03-06T19:00,31.1,59,0,0,34
2025-03-06T20:00,30.1,63,0,0,34
2025-03-06T21:00,29.2,66,0,0,28
2025-03-06T22:00,28.6,68,0,0,33
2025-03-06T23:00,28.1,69,0,0,5
2025-03-07T00:00,27.7,69,0,0,0
2025-03-07T01:00,27.2,72,3,0,43
2025-03-07T02:00,26.9,73,3,0,47
2025-03-07T03:00,26.6,76,3,0,68
2025-03-07T04:00,26.1,79,3,0,70
2025-03-07T05:00,25.7,82,3,0,54
2025-03-07T06:00,25.5,83,3,0,80
2025-03-07T07:00,25.8,86,8,0,66
2025-03-07T08:00,27.2,80,0,0,78
2025-03-07T09:00,28.6,71,3,0,86
2025-03-07T10:00,29.3,67,10,0,86
2025-03-07T11:00,30.6,63,23,0,90
2025-03-07T12:00,31.4,62,28,0,86
2025-03-07T13:00,31.9,62,20,0,73
2025-03-07T14:00,33,57,13,0,38
2025-03-07T15:00,32.9,57,10,0,62
2025-03-07T16:00,32.8,56,5,0,75
2025-03-07T17:00,32.3,57,8,0,62
2025-03-07T18:00,31.1,63,8,0,56
2025-03-07T19:00,30.4,70,15,0,60
2025-03-07T20:00,28.3,77,68,0,94
2025-03-07T21:00,27.1,84,83,0,87
2025-03-07T22:00,26.7,86,80,0,77
2025-03-07T23:00,26.7,85,53,0,68
2025-03-08T00:00,26.2,88,40,0,59
2025-03-08T01:00,26,90,48,0,89
2025-03-08T02:00,25.6,94,55,0,99
2025-03-08T03:00,25.4,95,70,0,89
2025-03-08T04:00,25.2,95,75,0,89
2025-03-08T05:00,24.9,92,75,0,100
2025-03-08T06:00,24.8,93,60,0,100
2025-03-08T07:00,24.8,93,55,0,100
2025-03-08T08:00,24.8,93,78,0,100
2025-03-08T09:00,24.8,89,68,0,100
2025-03-08T10:00,25,85,40,0,100
2025-03-08T11:00,26.2,81,28,0,100
2025-03-08T12:00,27.6,76,23,0,98
2025-03-08T13:00,29.7,68,13,0,78
2025-03-08T14:00,30.2,65,10,0,77
2025-03-08T15:00,30.4,64,8,0,52
2025-03-08T16:00,30.3,65,8,0,42
2025-03-08T17:00,30.2,66,8,0,47
2025-03-08T18:00,29.2,73,0,0,68
2025-03-08T19:00,29.8,67,0,0,41
2025-03-08T20:00,28.6,74,0,0,0
2025-03-08T21:00,28.2,75,0,0,78
2025-03-08T22:00,27.6,76,0,0,77
2025-03-08T23:00,27.1,78,3,0,100
2025-03-09T00:00,26.7,81,10,0,66
2025-03-09T01:00,26.6,80,20,0,56
2025-03-09T02:00,26,83,5,0,30
2025-03-09T03:00,25.5,87,3,0,31
2025-03-09T04:00,25,91,0,0,33
2025-03-09T05:00,24.7,92,0,0,26
2025-03-09T06:00,24.4,90,0,0,4
2025-03-09T07:00,24.8,79,0,0,0
2025-03-09T08:00,26,69,0,0,0
2025-03-09T09:00,27.4,62,0,0,2
2025-03-09T10:00,28.9,58,0,0,4
2025-03-09T11:00,30.5,54,0,0,0
2025-03-09T12:00,32,50,0,0,0
2025-03-09T13:00,32.7,50,0,0,28
2025-03-09T14:00,33.5,47,0,0,21
2025-03-09T15:00,33.5,46,0,0,52
2025-03-09T16:00,33.4,46,0,0,78
2025-03-09T17:00,33.3,45,0,0,65
2025-03-09T18:00,32.5,48,3,0,80
2025-03-09T19:00,31.3,55,3,0,86
2025-03-09T20:00,30.8,58,0,0,91
2025-03-09T21:00,29.8,62,5,0,87
2025-03-09T22:00,28.9,67,3,0,84
2025-03-09T23:00,28.4,70,3,0,71
2025-03-10T00:00,27.8,74,5,0,52
2025-03-10T01:00,27.5,74,8,0,56
2025-03-10T02:00,27.1,70,3,0,63
2025-03-10T03:00,26.6,70,3,0,77
2025-03-10T04:00,26.3,71,0,0,76
2025-03-10T05:00,26,73,0,0,85
2025-03-10T06:00,25.8,74,3,0,74
2025-03-10T07:00,25.8,74,5,0,50
2025-03-10T08:00,26.7,71,0,0,18
2025-03-10T09:00,28,66,3,0,45
2025-03-10T10:00,29.4,63,3,0,66
2025-03-10T11:00,30.4,59,0,0,74
2025-03-10T12:00,31.4,56,0,0,89
2025-03-10T13:00,31.9,54,0,0,79
2025-03-10T14:00,32.5,52,3,0,87
2025-03-10T15:00,32.7,51,0,0,88
2025-03-10T16:00,32.5,51,0,0,92
2025-03-10T17:00,32.1,53,3,0,93
2025-03-10T18:00,31.1,58,5,0,89
2025-03-10T19:00,30.1,63,10,0,84
2025-03-10T20:00,29.5,67,15,0,93
2025-03-10T21:00,29,70,18,0,79
2025-03-10T22:00,28.7,71,15,0,53
2025-03-10T23:00,28.4,70,8,0,72
2025-03-11T00:00,28.2,72,5,0,88
2025-03-11T01:00,27.9,75,3,0,60
2025-03-11T02:00,27.5,77,3,0,23
2025-03-11T03:00,27.1,79,3,0,59
2025-03-11T04:00,26.7,81,0,0,64
2025-03-11T05:00,26.2,83,0,0,95
2025-03-11T06:00,25.9,85,0,0,36
2025-03-11T07:00,26.1,85,0,0,48
2025-03-11T08:00,27.7,79,0,0,75
2025-03-11T09:00,29.1,69,0,0,59
2025-03-11T10:00,30.6,62,0,0,40
2025-03-11T11:00,32.1,57,0,0,53
2025-03-11T12:00,33.5,52,0,0,61
2025-03-11T13:00,34.5,48,0,0,66
2025-03-11T14:00,35.4,44,0,0,80
2025-03-11T15:00,35.4,42,1,0,77
2025-03-11T16:00,35,43,3,0,68
2025-03-11T17:00,34.6,43,7,0,27
2025-03-11T18:00,33.9,46,13,0,35
2025-03-11T19:00,32.7,56,18,0,100
2025-03-11T20:00,31.7,56,21,0,40
2025-03-11T21:00,30.6,59,23,0,98
2025-03-11T22:00,29.8,62,25,0,100
2025-03-11T23:00,29.5,60,28,0,100
2025-03-12T00:00,28.8,60,30,0,100
2025-03-12T01:00,28.1,63,30,0,100
2025-03-12T02:00,27.4,67,26,0,100
2025-03-12T03:00,26.9,71,19,0,100
2025-03-12T04:00,26.5,74,13,0,79
2025-03-12T05:00,26.1,76,14,0,96
2025-03-12T06:00,26,77,10,0,100
2025-03-12T07:00,26.2,79,8,0,98
2025-03-12T08:00,27.5,73,8,0,98
2025-03-12T09:00,29.1,67,10,0,100
2025-03-12T10:00,30.5,62,12,0,100
2025-03-12T11:00,32.1,57,15,0,100
2025-03-12T12:00,32.9,54,18,0,100
2025-03-12T13:00,34.1,50,20,0,100
2025-03-12T14:00,34.7,47,21,0,100
2025-03-12T15:00,35.1,46,22,0,71
2025-03-12T16:00,35,46,23,0,74
2025-03-12T17:00,34.4,48,23,0,75
2025-03-12T18:00,33.3,52,24,0,73
2025-03-12T19:00,31.9,60,25,0,100
2025-03-12T20:00,31.1,62,27,0,100
2025-03-12T21:00,30.4,62,29,0,100
2025-03-12T22:00,29.8,63,32,0,100
2025-03-12T23:00,29.1,64,34,0,100
2025-03-13T00:00,28.5,65,35,0,100
2025-03-13T01:00,27.9,67,35,0,100
2025-03-13T02:00,27.2,69,32,0,89
2025-03-13T03:00,26.6,72,28,0,79
2025-03-13T04:00,26.2,75,23,0,68
2025-03-13T05:00,25.8,78,17,0,76
2025-03-13T06:00,25.5,81,12,0,84
2025-03-13T07:00,25.8,81,8,0,92
2025-03-13T08:00,27,77,5,0,80
2025-03-13T09:00,28.7,69,3,0,69
2025-03-13T10:00,30.4,62,1,0,57
2025-03-13T11:00,32,55,0,0,69
2025-03-13T12:00,33.6,47,0,0,80
2025-03-13T13:00,34.9,41,0,0,92
2025-03-13T14:00,35.9,37,1,0,79
2025-03-13T15:00,36.5,34,4,0,67
2025-03-13T16:00,36.5,33,7,0,54
2025-03-13T17:00,35.8,34,11,0,55
2025-03-13T18:00,34.5,38,13,0,55
2025-03-13T19:00,33.3,41,15,0,56
2025-03-13T20:00,32.4,44,15,0,60
2025-03-13T21:00,31.6,48,15,0,64
2025-03-13T22:00,30.7,52,14,0,68
2025-03-13T23:00,29.8,57,13,0,57
2025-03-14T00:00,28.8,62,11,0,47
2025-03-14T01:00,27.9,67,10,0,36
2025-03-14T02:00,27.2,72,6,0,47
2025-03-14T03:00,26.7,76,5,0,57
2025-03-14T04:00,26.3,79,3,0,68
2025-03-14T05:00,26,82,2,0,71
2025-03-14T06:00,25.8,83,1,0,74
2025-03-14T07:00,26.2,82,0,0,77
2025-03-14T08:00,27.4,77,0,0,70
2025-03-14T09:00,29.1,69,0,0,63
2025-03-14T10:00,30.7,61,0,0,56
2025-03-14T11:00,32.3,54,0,0,52
2025-03-14T12:00,33.7,48,0,0,47
2025-03-14T13:00,34.8,44,0,0,43
2025-03-14T14:00,35.4,42,0,0,73
2025-03-14T15:00,35.7,39,0,0,70
2025-03-14T16:00,35.6,39,0,0,66
2025-03-14T17:00,34.8,41,0,0,58
2025-03-14T18:00,33.7,46,0,0,51
2025-03-14T19:00,32.6,50,0,0,43
2025-03-14T20:00,31.8,54,0,0,58
2025-03-14T21:00,31.1,57,0,0,72
2025-03-14T22:00,30.5,60,0,0,87
2025-03-14T23:00,29.9,61,0,0,81
2025-03-15T00:00,29.3,62,0,0,75
2025-03-15T01:00,28.6,63,0,0,69
2025-03-15T02:00,27.8,67,0,0,65
2025-03-15T03:00,27,72,0,0,61
2025-03-15T04:00,26.4,76,0,0,57
2025-03-15T05:00,25.9,79,0,0,62
2025-03-15T06:00,25.7,82,0,0,66
2025-03-15T07:00,26,82,0,0,71
2025-03-15T08:00,26.9,78,0,0,66
2025-03-15T09:00,28.3,71,0,0,61
2025-03-15T10:00,29.9,64,0,0,56
2025-03-15T11:00,31.7,55,0,0,39
2025-03-15T12:00,33.7,45,0,0,21
2025-03-15T13:00,35.2,38,0,0,4
2025-03-15T14:00,36,35,0,0,15
2025-03-15T15:00,36.3,34,0,0,25
2025-03-15T16:00,36.2,34,0,0,36
2025-03-15T17:00,35.6,36,0,0,32
2025-03-15T18:00,34.4,39,0,0,28
2025-03-15T19:00,33.3,43,0,0,24
2025-03-15T20:00,32.3,46,0,0,19
2025-03-15T21:00,31.2,49,1,0,15
2025-03-15T22:00,30.3,53,1,0,10
2025-03-15T23:00,29.5,57,2,0,31
